id,first_name,last_name,email,gender,ip_address
1,Hamlin,Waye,hwaye0@dropbox.com,Genderfluid,10.86.83.110
2,Roscoe,Scottini,rscottini1@bbb.org,Male,156.192.42.223
3,Jerad,Peris,jperis2@house.gov,Male,27.254.28.234
4,Jasmin,Froom,jfroom3@freewebs.com,Female,169.138.99.153
5,Tony,Matschek,tmatschek4@xrea.com,Male,138.234.248.87
6,Quinta,Szwandt,qszwandt5@nifty.com,Female,36.28.151.67
7,Catherin,Haxbie,chaxbie6@irs.gov,Female,24.216.15.106
8,Julina,Darcy,jdarcy7@fda.gov,Female,215.124.47.161
9,Sherlock,Paszek,spaszek8@google.com,Male,120.108.69.126
10,Arvy,Gerrans,agerrans9@ezinearticles.com,Male,40.68.119.255
11,Giffer,Caughan,gcaughana@people.com.cn,Male,243.215.220.2
12,Celestina,Ludlam,cludlamb@domainmarket.com,Female,17.243.204.222
13,Bibbye,Di Roberto,bdirobertoc@wix.com,Female,198.135.153.218
14,Silvester,Glew,sglewd@list-manage.com,Male,164.50.249.250
15,Sheffield,Beeho,sbeehoe@cbsnews.com,Male,127.173.164.84
16,Pammi,Pozzi,ppozzif@jigsy.com,Female,180.171.86.75
17,Yance,Hebbron,yhebbrong@mysql.com,Male,71.106.47.196
18,Aggi,Week,aweekh@japanpost.jp,Female,38.222.215.34
19,Adair,Poulston,apoulstoni@who.int,Male,56.114.43.114
20,Allayne,Dumigan,adumiganj@goo.gl,Male,39.167.191.253
21,Knox,Lemar,klemark@economist.com,Male,145.102.217.23
22,Torrin,Markwick,tmarkwickl@unc.edu,Male,130.138.106.57
23,Mella,Strotton,mstrottonm@ucoz.com,Female,76.224.144.38
24,Dorian,Winsor,dwinsorn@desdev.cn,Female,135.90.69.115
25,Nara,Bachanski,nbachanskio@moonfruit.com,Female,225.46.252.208
26,Jany,Rubra,jrubrap@cyberchimps.com,Female,40.147.62.162
27,Sisely,Passman,spassmanq@mapy.cz,Female,243.222.212.14
28,Elsa,Oxbrow,eoxbrowr@oakley.com,Female,106.203.68.58
29,Valentin,Screase,vscreases@arizona.edu,Agender,119.211.255.239
30,Karena,Fetter,kfettert@yale.edu,Female,215.252.196.89
31,Raffarty,Ambrosoli,rambrosoliu@behance.net,Male,47.254.158.178
32,Dorthea,Cloney,dcloneyv@xing.com,Female,229.57.156.84
33,Cicely,Newsham,cnewshamw@reverbnation.com,Female,193.162.74.11
34,Candis,Dunford,cdunfordx@cisco.com,Female,86.139.19.32
35,Durante,Lerego,dleregoy@businessweek.com,Male,69.225.1.61
36,Ashlin,Mengo,amengoz@mediafire.com,Male,70.205.192.179
37,Sherwood,Bastie,sbastie10@china.com.cn,Male,32.180.73.62
38,De witt,Klousner,dklousner11@lycos.com,Non-binary,184.103.94.14
39,Byrom,Lente,blente12@rakuten.co.jp,Male,109.205.95.30
40,Zoe,Robb,zrobb13@wordpress.org,Genderfluid,105.33.62.230
41,Raoul,Gourlie,rgourlie14@miibeian.gov.cn,Male,173.182.13.252
42,Petronella,Hucquart,phucquart15@time.com,Female,79.213.17.120
43,Florri,Blunderfield,fblunderfield16@amazon.co.uk,Female,78.214.63.88
44,Frazier,Gettone,fgettone17@reddit.com,Male,170.103.143.221
45,Odette,Rainbird,orainbird18@uiuc.edu,Female,108.37.123.11
46,Maridel,Hiscoke,mhiscoke19@clickbank.net,Female,80.88.169.251
47,Elsy,Cheales,echeales1a@telegraph.co.uk,Female,207.57.96.174
48,Ricard,Duckers,rduckers1b@theatlantic.com,Male,254.199.118.233
49,Fifi,Yeeles,fyeeles1c@omniture.com,Female,112.169.12.77
50,Dena,Lindstrom,dlindstrom1d@posterous.com,Female,83.196.44.50
51,Tris,Herculson,therculson1e@webnode.com,Male,175.120.160.161
52,Ericha,Bicksteth,ebicksteth1f@hexun.com,Female,2.186.124.121
53,Boyce,Wickman,bwickman1g@yolasite.com,Male,207.37.81.186
54,Osborne,Oxton,ooxton1h@i2i.jp,Male,193.0.146.108
55,Mala,Olechnowicz,molechnowicz1i@theatlantic.com,Female,63.223.88.108
56,Alfonso,Pett,apett1j@intel.com,Male,111.60.255.185
57,Almeda,Chansonne,achansonne1k@stumbleupon.com,Female,143.68.234.101
58,Shawn,Kinmond,skinmond1l@latimes.com,Male,120.108.45.37
59,Flemming,Brame,fbrame1m@paginegialle.it,Male,209.64.81.25
60,Consuelo,Leggett,cleggett1n@intel.com,Female,20.114.38.70
61,Jennette,Nicely,jnicely1o@indiegogo.com,Female,99.129.216.36
62,Honoria,Moisey,hmoisey1p@google.nl,Non-binary,55.168.239.158
63,Vanya,Skelhorn,vskelhorn1q@craigslist.org,Male,37.118.176.238
64,Siana,Lemasney,slemasney1r@tripadvisor.com,Female,64.88.188.28
65,Jan,Chattock,jchattock1s@twitpic.com,Non-binary,112.239.89.207
66,Darline,Beagan,dbeagan1t@51.la,Female,174.114.129.82
67,Thornton,Gofforth,tgofforth1u@abc.net.au,Male,13.136.35.33
68,Alano,Scadding,ascadding1v@elpais.com,Male,63.114.34.51
69,Tedie,Triggol,ttriggol1w@ucoz.com,Male,199.9.8.191
70,Floria,Reck,freck1x@vimeo.com,Female,147.38.148.228
71,Chiquia,Meeson,cmeeson1y@thetimes.co.uk,Agender,19.166.87.235
72,Dionne,Aprahamian,daprahamian1z@google.ca,Female,99.126.11.28
73,Lucita,Tran,ltran20@reddit.com,Female,248.131.229.79
74,Linnet,Danielut,ldanielut21@omniture.com,Female,186.6.163.154
75,Virgil,Enderwick,venderwick22@pen.io,Male,56.79.193.131
76,Eugenio,Brame,ebrame23@goo.gl,Male,75.156.28.78
77,Mireille,Clemont,mclemont24@last.fm,Female,182.100.111.54
78,Neale,Beenham,nbeenham25@google.it,Male,139.235.67.247
79,Catie,Rucklidge,crucklidge26@ebay.co.uk,Female,143.46.251.203
80,Elle,Gentil,egentil27@printfriendly.com,Female,172.73.26.162
81,Tedi,Newnham,tnewnham28@shop-pro.jp,Female,85.28.222.98
82,Bjorn,Dumpleton,bdumpleton29@webmd.com,Male,121.35.246.228
83,Brana,Rylett,brylett2a@zimbio.com,Female,71.113.189.198
84,Karel,Kleisel,kkleisel2b@privacy.gov.au,Female,29.156.235.100
85,Ethelyn,Puffett,epuffett2c@buzzfeed.com,Female,230.244.192.96
86,Abbey,Reardon,areardon2d@biblegateway.com,Female,45.199.194.109
87,Berkly,Brixey,bbrixey2e@microsoft.com,Male,223.9.219.54
88,Miles,Bunson,mbunson2f@webs.com,Male,51.252.40.185
89,Madelon,Stringfellow,mstringfellow2g@businessweek.com,Female,70.212.10.7
90,Izaak,Dominico,idominico2h@nationalgeographic.com,Male,169.59.15.230
91,Annecorinne,Quaife,aquaife2i@accuweather.com,Female,228.109.226.152
92,Wolf,Tripet,wtripet2j@google.it,Male,154.49.168.77
93,Joe,Dubique,jdubique2k@upenn.edu,Male,16.15.128.138
94,Leland,Alexsandrowicz,lalexsandrowicz2l@virginia.edu,Bigender,236.193.254.74
95,Lukas,Wadsworth,lwadsworth2m@google.ca,Male,87.68.152.142
96,Arnoldo,Cato,acato2n@pagesperso-orange.fr,Genderqueer,241.237.142.130
97,Kalina,Butland,kbutland2o@berkeley.edu,Female,111.126.178.208
98,Web,Scarff,wscarff2p@scientificamerican.com,Male,23.73.188.131
99,Lauren,Meaker,lmeaker2q@amazon.co.jp,Male,77.111.231.32
100,Ami,Heine,aheine2r@soup.io,Genderqueer,161.217.178.201
