id,first_name,last_name,email,gender,ip_address
1101,Frederica,Petruszka,fpetruszka0@mashable.com,Female,130.131.141.1
1102,Otes,Pyne,opyne1@php.net,Male,35.105.241.245
1103,Eamon,Dombrell,edombrell2@sina.com.cn,Male,236.23.108.166
1104,Michaella,Jaquest,mjaquest3@yellowbook.com,Female,77.208.8.14
1105,Brooks,Knutsen,bknutsen4@stanford.edu,Female,129.63.181.91
1106,Lina,Deesly,ldeesly5@google.de,Female,245.166.8.159
1107,Cory,Bootes,cbootes6@mlb.com,Male,136.198.104.55
1108,Bax,Rozanski,brozanski7@microsoft.com,Male,197.103.201.157
1109,Sarene,Lideard,slideard8@accuweather.com,Agender,96.180.213.195
1110,Rex,Sidon,rsidon9@earthlink.net,Male,37.210.192.32
1111,Germaine,Roddick,groddicka@senate.gov,Female,91.72.153.209
1112,Ag,McMorran,amcmorranb@slashdot.org,Female,19.168.71.83
1113,Quentin,Ollerearnshaw,qollerearnshawc@apple.com,Female,156.146.136.68
1114,Harman,Pallin,hpallind@guardian.co.uk,Male,124.221.238.63
1115,Darlene,Chinnery,dchinnerye@forbes.com,Female,119.140.234.62
1116,Magdalena,Mitchinson,mmitchinsonf@storify.com,Female,95.104.83.173
1117,Madge,Amery,mameryg@about.com,Female,92.132.134.26
1118,Trudy,McGarrahan,tmcgarrahanh@bigcartel.com,Female,169.152.2.87
1119,Dinny,Scholte,dscholtei@indiegogo.com,Female,57.243.56.130
1120,Hazel,Roman,hromanj@cocolog-nifty.com,Male,230.131.246.19
1121,Dalt,Redhouse,dredhousek@discuz.net,Male,169.38.7.20
1122,Ruddy,Petrovic,rpetrovicl@ifeng.com,Male,232.4.226.181
1123,Vernice,Ceccoli,vceccolim@shop-pro.jp,Female,173.18.67.38
1124,Barn,Conws,bconwsn@delicious.com,Male,16.115.149.3
1125,Rodina,Hawthorn,rhawthorno@nasa.gov,Female,176.157.1.8
1126,Kaitlynn,Crichten,kcrichtenp@usnews.com,Female,150.197.145.181
1127,Lowrance,Bernardino,lbernardinoq@ihg.com,Male,170.211.38.22
1128,Dyann,Godsil,dgodsilr@webeden.co.uk,Agender,18.185.53.131
1129,Caressa,Currer,ccurrers@bing.com,Female,217.133.90.174
1130,Felicdad,Cocking,fcockingt@altervista.org,Female,24.10.45.196
1131,Goldy,Ridolfi,gridolfiu@abc.net.au,Female,127.230.164.7
1132,Ulrika,Shreve,ushrevev@is.gd,Female,225.226.75.144
1133,Rachel,Harrington,rharringtonw@digg.com,Genderqueer,212.156.134.90
1134,Claudius,Couldwell,ccouldwellx@google.com.br,Male,187.240.242.12
1135,Alicea,Giacomelli,agiacomelliy@clickbank.net,Female,195.184.83.141
1136,Patsy,Ebbles,pebblesz@skyrock.com,Female,234.140.106.130
1137,Gideon,Laybourne,glaybourne10@reference.com,Male,116.216.229.25
1138,Larine,Middup,lmiddup11@examiner.com,Female,47.52.225.235
1139,Red,Goodchild,rgoodchild12@google.fr,Male,60.12.117.125
1140,Dari,Headings,dheadings13@fda.gov,Female,25.162.151.121
1141,Paige,Zarfati,pzarfati14@aboutads.info,Female,222.67.205.141
1142,Thaine,Pretty,tpretty15@imageshack.us,Male,134.230.70.171
1143,Michelle,Rawll,mrawll16@stanford.edu,Female,111.206.25.130
1144,Joshuah,Fulcher,jfulcher17@springer.com,Male,124.103.70.218
1145,Arther,Lay,alay18@bbb.org,Male,55.67.92.112
1146,Chadwick,Jakoubek,cjakoubek19@cisco.com,Male,233.166.167.252
1147,Lucina,Duckering,lduckering1a@forbes.com,Female,162.3.182.114
1148,Farrel,Keener,fkeener1b@wordpress.org,Male,146.75.89.17
1149,Trix,Enevold,tenevold1c@guardian.co.uk,Genderfluid,2.47.180.97
1150,Alvy,Licence,alicence1d@linkedin.com,Agender,142.147.67.26
1151,Abel,O'Hartagan,aohartagan1e@elegantthemes.com,Male,229.5.241.196
1152,Mitchael,Florence,mflorence1f@clickbank.net,Male,177.204.25.209
1153,Amity,Gilbard,agilbard1g@slate.com,Female,141.215.137.211
1154,Lind,Leander,lleander1h@businesswire.com,Male,137.151.93.64
1155,Elliot,Vardy,evardy1i@zdnet.com,Male,193.158.16.156
1156,Dayle,Lawrenz,dlawrenz1j@parallels.com,Female,233.6.241.60
1157,Linet,McCauley,lmccauley1k@php.net,Female,155.92.118.146
1158,Fawn,Ramet,framet1l@instagram.com,Polygender,193.251.40.4
1159,Calla,Landers,clanders1m@tamu.edu,Female,120.53.16.200
1160,Alaine,Comiskey,acomiskey1n@oaic.gov.au,Female,158.105.62.100
1161,Lindsey,Sundin,lsundin1o@theglobeandmail.com,Female,245.229.175.121
1162,Therine,Room,troom1p@wordpress.org,Female,44.179.99.131
1163,Miguel,Reford,mreford1q@scribd.com,Male,73.141.102.141
1164,Brittney,Strangeways,bstrangeways1r@about.com,Female,183.85.131.214
1165,Kiri,Clunie,kclunie1s@ft.com,Female,9.18.191.42
1166,Fowler,Rhodes,frhodes1t@mtv.com,Male,145.128.11.20
1167,Cariotta,Tampling,ctampling1u@live.com,Genderfluid,12.81.134.94
1168,Lennie,Ortzen,lortzen1v@mysql.com,Male,186.181.136.252
1169,Joscelin,Fishpoole,jfishpoole1w@harvard.edu,Female,222.33.216.66
1170,Helenelizabeth,Kingstne,hkingstne1x@tinyurl.com,Female,32.245.97.40
1171,Cordell,Mell,cmell1y@geocities.com,Male,137.245.164.18
1172,Whitney,Elphey,welphey1z@usda.gov,Female,85.187.197.3
1173,Idelle,Soames,isoames20@deliciousdays.com,Female,196.70.2.250
1174,Caldwell,De Bruijn,cdebruijn21@independent.co.uk,Bigender,137.11.147.166
1175,Rebecca,Iacovielli,riacovielli22@mit.edu,Female,138.112.166.136
1176,Garfield,Hatter,ghatter23@jiathis.com,Male,78.240.239.62
1177,Car,Yashaev,cyashaev24@japanpost.jp,Bigender,205.42.142.66
1178,Sephira,Foxwell,sfoxwell25@jalbum.net,Female,68.36.231.229
1179,Nicolas,Ivashnikov,nivashnikov26@4shared.com,Male,7.217.194.115
1180,Jeramie,Konzel,jkonzel27@xrea.com,Male,27.91.254.24
1181,Natal,Brims,nbrims28@bizjournals.com,Male,149.147.201.209
1182,Leta,Twelvetrees,ltwelvetrees29@bizjournals.com,Female,78.21.164.77
1183,Selestina,Spincks,sspincks2a@wordpress.com,Bigender,152.25.38.127
1184,Noelyn,Braune,nbraune2b@topsy.com,Genderfluid,235.106.66.174
1185,Marne,Mapowder,mmapowder2c@narod.ru,Female,56.111.239.208
1186,Vinny,Oneal,voneal2d@google.de,Male,204.187.187.61
1187,Corabel,Odegaard,codegaard2e@dailymail.co.uk,Female,8.124.75.132
1188,Richart,Khidr,rkhidr2f@symantec.com,Polygender,236.153.133.94
1189,Cody,MacSherry,cmacsherry2g@ftc.gov,Female,243.86.193.162
1190,Maurizio,Burley,mburley2h@go.com,Male,186.155.86.0
1191,Maia,Bartak,mbartak2i@sphinn.com,Female,217.34.130.228
1192,Minda,Brimilcombe,mbrimilcombe2j@sourceforge.net,Female,78.177.46.179
1193,Kliment,Mertel,kmertel2k@disqus.com,Male,192.175.195.165
1194,Courtnay,Birrane,cbirrane2l@wiley.com,Female,238.72.140.0
1195,Kassie,Marrow,kmarrow2m@nyu.edu,Female,229.10.127.86
1196,Edan,Pulhoster,epulhoster2n@youtube.com,Male,64.177.228.201
1197,Ibbie,Petrolli,ipetrolli2o@livejournal.com,Female,12.10.17.18
1198,Linell,Lofts,llofts2p@wikia.com,Female,100.239.93.100
1199,Benny,Pierton,bpierton2q@upenn.edu,Male,127.36.190.24
1200,Kylynn,Bosward,kbosward2r@blogger.com,Female,125.187.177.83
1201,Cortie,Lamplugh,clamplugh2s@reference.com,Male,138.151.188.151
1202,Cesaro,Bownas,cbownas2t@oracle.com,Male,196.70.179.185
1203,Archambault,Beeston,abeeston2u@techcrunch.com,Male,221.113.221.87
1204,Jena,Dorn,jdorn2v@instagram.com,Female,94.252.229.230
1205,Janella,Rays,jrays2w@bandcamp.com,Female,136.182.253.132
1206,Porty,Andrewartha,pandrewartha2x@zdnet.com,Male,142.151.126.163
1207,Arley,Brumwell,abrumwell2y@sun.com,Non-binary,233.203.209.29
1208,Armando,Barme,abarme2z@squidoo.com,Male,171.253.80.139
1209,Friederike,Weekes,fweekes30@rediff.com,Non-binary,246.199.207.69
1210,Eliot,Rubinivitz,erubinivitz31@dailymotion.com,Male,4.156.82.147
1211,Rebbecca,Bullivent,rbullivent32@jalbum.net,Female,15.84.78.253
1212,Hurley,Hallgarth,hhallgarth33@hatena.ne.jp,Male,250.121.83.46
1213,Gelya,Ilyunin,gilyunin34@creativecommons.org,Female,170.189.240.197
1214,Wally,Dispencer,wdispencer35@indiatimes.com,Genderfluid,104.254.209.51
1215,Darb,Stuttman,dstuttman36@histats.com,Male,18.136.152.242
1216,Taryn,Shelbourne,tshelbourne37@mashable.com,Female,180.213.55.147
1217,Clotilda,Lambrecht,clambrecht38@skyrock.com,Female,157.6.68.196
1218,Carree,Joder,cjoder39@xing.com,Female,192.253.9.202
1219,Brand,Maving,bmaving3a@harvard.edu,Bigender,196.79.255.86
1220,Ardene,MacFall,amacfall3b@cdc.gov,Female,119.203.76.105
1221,Jorrie,Egle,jegle3c@sciencedirect.com,Female,20.25.62.98
1222,Michael,Chowne,mchowne3d@google.ca,Male,5.241.228.209
1223,Keene,Codling,kcodling3e@quantcast.com,Male,46.144.236.57
1224,Orelie,Dofty,odofty3f@reverbnation.com,Female,81.184.204.177
1225,Reinaldo,Trowbridge,rtrowbridge3g@icq.com,Male,89.40.124.23
1226,Mickie,Fear,mfear3h@icio.us,Female,11.246.227.77
1227,Michail,Crisall,mcrisall3i@360.cn,Male,104.34.20.180
1228,Gerrard,Yoell,gyoell3j@wiley.com,Male,195.28.148.27
1229,Tamarra,Spargo,tspargo3k@omniture.com,Female,103.24.16.252
1230,Nadia,Brayley,nbrayley3l@ask.com,Female,28.4.122.148
1231,Bari,Ettels,bettels3m@businessinsider.com,Female,97.237.52.228
1232,De,Lovel,dlovel3n@youtube.com,Female,202.229.121.10
1233,Jarad,Vasilevich,jvasilevich3o@symantec.com,Male,67.167.90.160
1234,Edlin,Oldknowe,eoldknowe3p@blogspot.com,Male,13.223.137.213
1235,Amber,Cardello,acardello3q@patch.com,Female,125.70.104.88
1236,Aleksandr,Docker,adocker3r@cbsnews.com,Male,175.66.188.251
1237,Chandra,Drillingcourt,cdrillingcourt3s@yahoo.co.jp,Female,156.14.113.27
1238,Heda,Wallwork,hwallwork3t@ucoz.ru,Female,216.251.181.160
1239,Lorrie,Wallace,lwallace3u@nba.com,Female,165.123.163.255
1240,Grover,Treadgold,gtreadgold3v@omniture.com,Male,71.98.192.108
1241,Fletcher,Bortolozzi,fbortolozzi3w@imdb.com,Male,60.58.106.237
1242,Quintana,Elmhurst,qelmhurst3x@clickbank.net,Female,191.168.215.153
1243,Kerrin,Dallimare,kdallimare3y@yellowpages.com,Female,234.80.166.76
1244,Editha,Elvish,eelvish3z@marketwatch.com,Female,119.111.143.36
1245,Stanislaw,Jehaes,sjehaes40@ft.com,Male,123.123.198.139
1246,Kellyann,Fieldgate,kfieldgate41@webs.com,Female,18.101.22.72
1247,Pia,Betz,pbetz42@nationalgeographic.com,Female,49.41.91.249
1248,Trumann,Kacheler,tkacheler43@diigo.com,Male,19.2.198.118
1249,Donaugh,Tinghill,dtinghill44@google.pl,Male,93.67.127.184
1250,Benedick,Allonby,ballonby45@tmall.com,Male,48.88.117.215
1251,Edythe,Cottey,ecottey46@naver.com,Agender,226.188.55.104
1252,Irma,Katte,ikatte47@jiathis.com,Female,204.233.154.205
1253,Barry,Mynett,bmynett48@harvard.edu,Female,15.193.82.31
1254,Dorothea,Allinson,dallinson49@ucla.edu,Genderqueer,205.41.21.119
1255,Sylvester,Headly,sheadly4a@ucsd.edu,Male,131.171.67.249
1256,Coralie,Riddiford,criddiford4b@privacy.gov.au,Female,193.175.173.38
1257,Pavla,Reed,preed4c@china.com.cn,Female,108.92.159.214
1258,Yves,Blurton,yblurton4d@ox.ac.uk,Male,124.173.25.175
1259,Merrily,Doughtery,mdoughtery4e@berkeley.edu,Female,210.30.36.150
1260,Hugues,Matevosian,hmatevosian4f@google.pl,Male,125.147.44.84
1261,Elijah,Worcester,eworcester4g@usnews.com,Male,161.24.196.182
1262,Alberto,Truckett,atruckett4h@theatlantic.com,Male,232.251.43.5
1263,Sarge,Kirkman,skirkman4i@ted.com,Male,168.157.183.71
1264,Claresta,Buske,cbuske4j@howstuffworks.com,Female,145.10.97.107
1265,Jasmin,Abrahamian,jabrahamian4k@sakura.ne.jp,Female,251.218.110.27
1266,Dannel,Itzcovich,ditzcovich4l@unesco.org,Male,99.232.155.15
1267,Clementine,Bernhard,cbernhard4m@myspace.com,Female,151.28.206.168
1268,Andie,Bodocs,abodocs4n@tiny.cc,Female,249.207.68.22
1269,Moise,Shall,mshall4o@mtv.com,Male,236.108.73.199
1270,Mortie,Syversen,msyversen4p@tinypic.com,Male,5.108.197.246
1271,Perry,Spileman,pspileman4q@nhs.uk,Male,56.62.15.42
1272,Bendix,Brugemann,bbrugemann4r@tripod.com,Male,173.24.48.115
1273,Gerardo,McAnulty,gmcanulty4s@wordpress.org,Male,197.210.139.174
1274,Goober,Cohrs,gcohrs4t@photobucket.com,Male,63.243.123.165
1275,Phaedra,Hammersley,phammersley4u@xrea.com,Female,13.86.209.203
1276,Roxanna,Penticoot,rpenticoot4v@quantcast.com,Female,236.31.45.88
1277,Woody,Chesson,wchesson4w@europa.eu,Male,90.48.157.106
1278,Eddy,O'Cullen,eocullen4x@eventbrite.com,Male,117.185.155.2
1279,Chancey,Aleksashin,caleksashin4y@hostgator.com,Male,140.147.35.252
1280,Warden,Bleakley,wbleakley4z@angelfire.com,Male,220.121.185.54
1281,Merrili,Kirsch,mkirsch50@indiegogo.com,Female,253.23.195.146
1282,Melvin,Oakden,moakden51@biblegateway.com,Male,90.70.39.24
1283,Jacinthe,Molder,jmolder52@cisco.com,Female,99.41.203.106
1284,Willette,Brosnan,wbrosnan53@squidoo.com,Female,119.97.95.41
1285,Stephanus,Negus,snegus54@stanford.edu,Polygender,72.235.17.18
1286,Nissa,Alyutin,nalyutin55@diigo.com,Female,78.8.238.180
1287,Kat,Aizkovitch,kaizkovitch56@blinklist.com,Female,0.77.206.159
1288,Norene,Loughhead,nloughhead57@qq.com,Female,34.213.79.30
1289,Alverta,Jurisch,ajurisch58@who.int,Polygender,174.24.119.53
1290,Smitty,Eddison,seddison59@census.gov,Male,20.63.112.171
1291,Clark,Shieldon,cshieldon5a@odnoklassniki.ru,Male,202.91.116.224
1292,Pablo,Prop,pprop5b@oaic.gov.au,Male,158.199.218.16
1293,Randie,Boutflour,rboutflour5c@goo.gl,Male,76.6.112.255
1294,Ferrel,Labitt,flabitt5d@bravesites.com,Male,95.49.92.219
1295,Christa,Crosetti,ccrosetti5e@gizmodo.com,Female,204.173.101.11
1296,Norry,Panther,npanther5f@ustream.tv,Female,152.252.98.58
1297,Holly,Braunlein,hbraunlein5g@china.com.cn,Male,85.194.134.114
1298,Wanda,Kail,wkail5h@imageshack.us,Female,59.18.13.121
1299,Ali,Cawley,acawley5i@apple.com,Female,79.115.175.147
1300,Tamas,Westover,twestover5j@fotki.com,Male,146.254.187.200
1301,Nil,Slot,nslot5k@oracle.com,Male,167.50.65.93
1302,Meredith,Jaquemar,mjaquemar5l@ox.ac.uk,Female,151.241.170.228
1303,Rhianna,Garrud,rgarrud5m@stumbleupon.com,Female,214.103.218.10
1304,Marsiella,Helks,mhelks5n@wsj.com,Bigender,109.175.52.174
1305,Essie,Barnby,ebarnby5o@samsung.com,Female,97.107.12.209
1306,Garnette,Dauber,gdauber5p@independent.co.uk,Non-binary,156.150.160.28
1307,Cosmo,Spelman,cspelman5q@bloglines.com,Male,67.215.0.15
1308,Ricki,Sainz,rsainz5r@nyu.edu,Male,6.36.216.117
1309,Padgett,Dallimore,pdallimore5s@digg.com,Male,213.191.1.245
1310,Winifield,Callery,wcallery5t@hatena.ne.jp,Male,155.118.197.195
1311,Dorolice,Keays,dkeays5u@hibu.com,Female,49.195.2.48
1312,Lianna,Windibank,lwindibank5v@mozilla.com,Female,193.198.41.123
1313,Kirsten,Bosman,kbosman5w@auda.org.au,Agender,242.253.190.140
1314,Josh,Grinikhinov,jgrinikhinov5x@ibm.com,Male,26.205.169.183
1315,Felix,Ready,fready5y@washingtonpost.com,Male,39.197.16.143
1316,Townsend,Rocks,trocks5z@tripod.com,Polygender,201.184.22.167
1317,Benjamen,Hatliffe,bhatliffe60@sakura.ne.jp,Male,120.200.21.127
1318,Heall,Walbrook,hwalbrook61@smh.com.au,Male,12.110.63.24
1319,Kaia,Dunican,kdunican62@deviantart.com,Female,134.135.7.118
1320,Demeter,Mulcock,dmulcock63@ft.com,Female,204.182.94.74
1321,Carce,Deme,cdeme64@netvibes.com,Agender,162.92.248.121
1322,Thorin,Behrend,tbehrend65@digg.com,Male,150.49.236.202
1323,Glennie,Kubek,gkubek66@nasa.gov,Female,109.29.31.37
1324,Jerrilee,Aggiss,jaggiss67@sogou.com,Female,90.6.223.148
1325,Tybalt,Phillot,tphillot68@usgs.gov,Male,40.112.93.138
1326,Jefferson,Hinkley,jhinkley69@vk.com,Male,239.175.147.128
1327,Marian,Jaskowicz,mjaskowicz6a@acquirethisname.com,Female,8.122.176.189
1328,Bertie,Bernard,bbernard6b@pinterest.com,Male,43.155.78.114
1329,Casper,Reddlesden,creddlesden6c@merriam-webster.com,Male,248.202.90.61
1330,Giraud,McKeever,gmckeever6d@creativecommons.org,Male,131.174.0.56
1331,Dion,Tuffrey,dtuffrey6e@goo.gl,Agender,32.136.65.239
1332,Susana,McOrkil,smcorkil6f@kickstarter.com,Bigender,124.202.23.223
1333,Sutherland,Ekell,sekell6g@hao123.com,Non-binary,70.55.222.86
1334,Thorstein,Stiling,tstiling6h@wsj.com,Male,181.163.38.234
1335,Shirley,Geibel,sgeibel6i@so-net.ne.jp,Female,141.61.37.215
1336,Sallie,Storrs,sstorrs6j@bigcartel.com,Female,130.211.146.124
1337,Maynard,Casaccio,mcasaccio6k@msu.edu,Male,207.190.199.237
1338,Julietta,Szymanzyk,jszymanzyk6l@ed.gov,Female,171.23.77.94
1339,Verine,Barfoot,vbarfoot6m@1und1.de,Female,33.156.234.186
1340,Virgie,Mandrake,vmandrake6n@tinyurl.com,Male,85.143.31.19
1341,Joye,Jennison,jjennison6o@slate.com,Female,246.156.14.199
1342,Tori,Fredi,tfredi6p@bloglovin.com,Agender,9.59.164.153
1343,Lockwood,Worviell,lworviell6q@geocities.jp,Male,206.200.189.61
1344,Brynn,Charlot,bcharlot6r@imdb.com,Female,59.41.151.107
1345,Sutherlan,Carress,scarress6s@etsy.com,Male,53.185.139.77
1346,Gussy,Benns,gbenns6t@scientificamerican.com,Female,177.213.100.207
1347,Marita,Brodeau,mbrodeau6u@china.com.cn,Female,121.216.204.236
1348,Kristina,Frankcomb,kfrankcomb6v@twitter.com,Female,73.4.129.91
1349,Bern,Oliphand,boliphand6w@reuters.com,Male,63.32.44.215
1350,Seward,Wightman,swightman6x@feedburner.com,Male,105.231.163.240
1351,Coleen,Primo,cprimo6y@newsvine.com,Female,175.191.55.54
1352,Olivette,Lehmann,olehmann6z@google.de,Female,163.151.88.234
1353,Ive,Poytheras,ipoytheras70@flickr.com,Male,54.53.19.99
1354,Flossi,Flight,fflight71@4shared.com,Female,223.32.216.234
1355,Brody,Witherop,bwitherop72@redcross.org,Male,141.129.154.169
1356,Tabor,Langforth,tlangforth73@epa.gov,Male,113.164.173.111
1357,Wait,Skewes,wskewes74@fotki.com,Male,0.224.93.2
1358,Kaleb,Kalderon,kkalderon75@ocn.ne.jp,Male,32.151.228.13
1359,Melanie,Hacquoil,mhacquoil76@pcworld.com,Female,217.2.121.123
1360,Leslie,Orys,lorys77@eepurl.com,Male,190.144.104.190
1361,Rudiger,Friedenbach,rfriedenbach78@youtube.com,Male,247.27.142.110
1362,Reade,Lottrington,rlottrington79@jimdo.com,Male,206.210.44.31
1363,Lavena,Mackie,lmackie7a@barnesandnoble.com,Female,120.1.40.15
1364,Vinnie,Garforth,vgarforth7b@gizmodo.com,Male,5.186.241.81
1365,Eddy,Handover,ehandover7c@cyberchimps.com,Female,152.168.121.49
1366,Marcos,Colecrough,mcolecrough7d@drupal.org,Male,72.8.43.231
1367,Mile,Hurll,mhurll7e@webs.com,Male,201.151.194.53
1368,Gayla,Fuzzens,gfuzzens7f@vkontakte.ru,Non-binary,102.42.124.149
1369,Skipper,Josh,sjosh7g@zdnet.com,Male,221.66.163.187
1370,Bamby,Wimpenny,bwimpenny7h@ehow.com,Female,245.162.144.191
1371,Dorrie,Laurent,dlaurent7i@ameblo.jp,Female,54.21.48.29
1372,Myles,Disman,mdisman7j@vinaora.com,Male,145.40.98.215
1373,Tove,Wreath,twreath7k@ning.com,Female,38.248.5.35
1374,Pip,Woolhouse,pwoolhouse7l@berkeley.edu,Male,144.138.134.183
1375,Ulises,Burdoun,uburdoun7m@cafepress.com,Male,202.162.212.219
1376,Joceline,Brocking,jbrocking7n@posterous.com,Female,202.144.59.137
1377,Kellen,Piotrowski,kpiotrowski7o@elegantthemes.com,Female,200.37.162.74
1378,Cherrita,Baal,cbaal7p@technorati.com,Female,112.233.11.151
1379,Fonzie,Baber,fbaber7q@furl.net,Male,240.33.116.115
1380,Mike,Bohje,mbohje7r@cdc.gov,Male,255.221.246.213
1381,Leonelle,Dominichetti,ldominichetti7s@vistaprint.com,Female,28.218.169.79
1382,Husain,Perschke,hperschke7t@deviantart.com,Male,183.52.169.164
1383,Cassi,Covelle,ccovelle7u@altervista.org,Bigender,40.103.39.247
1384,Bria,Larvor,blarvor7v@cpanel.net,Non-binary,229.35.222.4
1385,Nicky,Cowp,ncowp7w@csmonitor.com,Male,179.34.104.85
1386,Wye,Adamec,wadamec7x@miibeian.gov.cn,Male,0.166.90.20
1387,Jennee,Warmisham,jwarmisham7y@examiner.com,Female,204.14.29.103
1388,Kakalina,Gudge,kgudge7z@hud.gov,Female,239.241.182.201
1389,Blair,Arp,barp80@smh.com.au,Male,118.200.179.2
1390,Rosemonde,Taffarello,rtaffarello81@auda.org.au,Female,202.141.96.44
1391,Mignonne,Lilford,mlilford82@mapquest.com,Female,171.18.165.153
1392,Jeth,Pyke,jpyke83@theglobeandmail.com,Male,188.142.184.165
1393,Vinson,MacLure,vmaclure84@ning.com,Male,112.45.43.166
1394,Gram,Gullberg,ggullberg85@mapy.cz,Male,148.172.8.145
1395,Spike,Treacher,streacher86@biblegateway.com,Male,181.22.247.138
1396,Jemimah,MacCleod,jmaccleod87@hc360.com,Female,182.141.41.5
1397,Van,Bearsmore,vbearsmore88@gmpg.org,Male,84.204.125.215
1398,Juliane,Eite,jeite89@whitehouse.gov,Female,20.9.88.131
1399,Morna,Walbridge,mwalbridge8a@twitpic.com,Female,13.46.84.20
1400,Teador,Szubert,tszubert8b@ft.com,Male,167.244.152.64
1401,Oona,Harrell,oharrell8c@trellian.com,Female,43.180.23.59
1402,Koo,Babb,kbabb8d@typepad.com,Female,252.208.79.59
1403,Boote,Coutts,bcoutts8e@ovh.net,Male,132.160.86.5
1404,Kim,Connell,kconnell8f@apache.org,Female,205.198.178.20
1405,Biddie,Harmar,bharmar8g@accuweather.com,Female,174.29.50.39
1406,Fifi,Glackin,fglackin8h@yandex.ru,Female,222.42.255.28
1407,Frazier,Skellion,fskellion8i@foxnews.com,Male,145.238.148.56
1408,Viki,Whordley,vwhordley8j@list-manage.com,Female,204.200.95.85
1409,Ellis,Ruegg,eruegg8k@angelfire.com,Male,75.111.161.235
1410,Alene,Pfiffer,apfiffer8l@admin.ch,Female,167.177.10.99
1411,Alix,Rowbotham,arowbotham8m@uiuc.edu,Male,226.148.184.149
1412,Liva,Robison,lrobison8n@instagram.com,Female,153.61.235.192
1413,Blondelle,Trowler,btrowler8o@hostgator.com,Female,193.202.241.85
1414,Candide,Barenski,cbarenski8p@cmu.edu,Female,65.254.148.73
1415,Leontine,O'Kerin,lokerin8q@nhs.uk,Female,248.116.34.9
1416,Gerard,Paggitt,gpaggitt8r@twitpic.com,Male,168.229.70.210
1417,Emmett,Milligan,emilligan8s@earthlink.net,Male,243.202.216.128
1418,Raffarty,Catto,rcatto8t@abc.net.au,Male,142.10.195.63
1419,Goldi,Moizer,gmoizer8u@hud.gov,Female,134.239.136.132
1420,Lonni,Bloor,lbloor8v@independent.co.uk,Female,143.122.41.32
1421,Lindy,Niemetz,lniemetz8w@reddit.com,Female,27.118.184.158
1422,Felipe,Laidlaw,flaidlaw8x@npr.org,Male,194.233.22.117
1423,Aurora,Newcomen,anewcomen8y@yolasite.com,Female,66.114.217.122
1424,Kinsley,McCoid,kmccoid8z@chicagotribune.com,Male,188.143.14.77
1425,Millisent,Valek,mvalek90@bloomberg.com,Female,56.137.138.124
1426,Odessa,Corton,ocorton91@answers.com,Female,112.111.196.19
1427,Kristel,Castellini,kcastellini92@reference.com,Female,218.146.20.114
1428,Courtnay,Langtry,clangtry93@hubpages.com,Male,244.168.205.72
1429,Allis,Glasscock,aglasscock94@multiply.com,Female,150.187.158.125
1430,Brig,Wheatland,bwheatland95@accuweather.com,Male,151.137.97.66
1431,Zita,Gerdes,zgerdes96@tmall.com,Polygender,2.213.149.254
1432,Reggie,Kerrich,rkerrich97@shareasale.com,Female,213.91.118.47
1433,Vinny,Sent,vsent98@java.com,Male,93.212.47.82
1434,Lothaire,Kebell,lkebell99@umich.edu,Male,167.39.243.182
1435,Tomkin,Leed,tleed9a@google.nl,Male,60.0.100.120
1436,Josh,Adamsky,jadamsky9b@epa.gov,Male,8.143.65.5
1437,Avigdor,Howard,ahoward9c@ox.ac.uk,Male,135.9.174.199
1438,Fay,Anthon,fanthon9d@go.com,Bigender,11.145.21.228
1439,Bettina,Durham,bdurham9e@networksolutions.com,Female,13.24.58.137
1440,Reinaldo,Mattocks,rmattocks9f@si.edu,Male,74.69.234.204
1441,Zarla,Leupold,zleupold9g@livejournal.com,Female,40.208.231.80
1442,Moselle,Heinicke,mheinicke9h@cpanel.net,Female,219.164.74.64
1443,Elmore,Handman,ehandman9i@wikimedia.org,Male,2.193.147.93
1444,Berton,Degnen,bdegnen9j@guardian.co.uk,Male,164.238.143.191
1445,Frieda,Mears,fmears9k@github.io,Female,16.219.138.224
1446,Ursola,Barrett,ubarrett9l@wikimedia.org,Female,84.87.34.61
1447,Hynda,Madgwick,hmadgwick9m@google.co.uk,Female,12.235.198.12
1448,Cristian,Bretland,cbretland9n@desdev.cn,Male,85.149.109.122
1449,Steffane,Whaymand,swhaymand9o@dagondesign.com,Female,86.51.11.201
1450,Hatty,O' Hanvey,hohanvey9p@phoca.cz,Female,23.95.5.83
1451,Jacquelyn,Sefton,jsefton9q@myspace.com,Non-binary,84.245.196.189
1452,Freddie,Drover,fdrover9r@nbcnews.com,Agender,75.141.183.143
1453,Madelyn,Fuge,mfuge9s@skyrock.com,Female,176.186.240.214
1454,Dickie,Cartledge,dcartledge9t@artisteer.com,Male,219.129.20.18
1455,Darwin,Caton,dcaton9u@elpais.com,Male,243.61.64.135
1456,Claiborn,Poundesford,cpoundesford9v@furl.net,Male,183.45.127.26
1457,Lizzie,Mac Giany,lmacgiany9w@dropbox.com,Female,130.111.12.11
1458,Daffy,Sedgeman,dsedgeman9x@jugem.jp,Female,84.183.40.242
1459,Mel,Woolpert,mwoolpert9y@1688.com,Female,13.128.57.56
1460,Osmund,Joskovitch,ojoskovitch9z@prnewswire.com,Male,234.244.142.98
1461,Napoleon,O'Driscoll,nodriscolla0@cloudflare.com,Male,144.78.144.106
1462,Jo,Doudny,jdoudnya1@icio.us,Male,152.235.75.35
1463,Frederick,Scrinage,fscrinagea2@yahoo.co.jp,Male,146.8.10.45
1464,Filia,Dunphy,fdunphya3@xrea.com,Female,106.245.28.157
1465,Rivalee,Christoffe,rchristoffea4@sfgate.com,Female,48.187.39.21
1466,Emmerich,Reddy,ereddya5@merriam-webster.com,Male,203.246.222.140
1467,Lizzy,McNay,lmcnaya6@theguardian.com,Female,45.72.121.206
1468,Blinny,McGooch,bmcgoocha7@soundcloud.com,Female,95.61.254.192
1469,Gene,Yorath,gyoratha8@google.co.uk,Male,124.223.151.129
1470,Kristyn,Forlonge,kforlongea9@nba.com,Female,183.194.45.56
1471,Shae,Stops,sstopsaa@businessweek.com,Female,190.24.24.254
1472,Kevon,Plaskitt,kplaskittab@wisc.edu,Male,106.42.229.141
1473,Rhianon,Geaves,rgeavesac@java.com,Female,174.81.232.150
1474,Callida,Dunrige,cdunrigead@psu.edu,Female,0.165.130.122
1475,Brennen,Edler,bedlerae@dropbox.com,Male,72.142.228.52
1476,Alexandr,Halling,ahallingaf@latimes.com,Male,110.191.13.111
1477,Nappy,Duns,ndunsag@qq.com,Male,33.156.14.167
1478,Cornela,Stuehmeyer,cstuehmeyerah@ebay.com,Female,220.135.70.219
1479,Brent,Schooley,bschooleyai@dailymotion.com,Male,148.31.57.119
1480,Thain,Rivalant,trivalantaj@phoca.cz,Male,97.186.200.192
1481,Emelina,Cristoforetti,ecristoforettiak@i2i.jp,Female,81.231.199.250
1482,Ephrem,Snozzwell,esnozzwellal@bing.com,Male,122.54.108.190
1483,Leland,Northin,lnorthinam@umn.edu,Female,45.44.127.111
1484,Rudiger,Simic,rsimican@t-online.de,Male,146.118.204.206
1485,Nealy,Sutherns,nsuthernsao@purevolume.com,Male,182.47.244.4
1486,Jeremie,Wildsmith,jwildsmithap@pagesperso-orange.fr,Polygender,110.99.143.239
1487,Devlen,Parker,dparkeraq@storify.com,Male,32.25.123.99
1488,Harmony,Briddock,hbriddockar@marriott.com,Polygender,96.158.247.101
1489,Desdemona,Shortland,dshortlandas@jimdo.com,Female,216.219.170.95
1490,Jacob,Sammon,jsammonat@gizmodo.com,Male,40.171.182.154
1491,Quintin,Dockwray,qdockwrayau@fema.gov,Male,86.9.183.120
1492,Federica,Trevan,ftrevanav@mlb.com,Female,248.24.1.219
1493,Dulci,Lacer,dlaceraw@example.com,Non-binary,152.187.4.168
1494,Alvy,Axston,aaxstonax@cbc.ca,Male,237.14.122.8
1495,Deanne,Le Monnier,dlemonnieray@goo.gl,Female,80.233.137.49
1496,Rog,Stanesby,rstanesbyaz@nsw.gov.au,Male,91.75.59.175
1497,Ky,Dundredge,kdundredgeb0@cbslocal.com,Male,212.70.102.43
1498,Milzie,Llopis,mllopisb1@ycombinator.com,Female,5.171.188.184
1499,Brendan,Slimm,bslimmb2@naver.com,Male,247.128.197.115
1500,Rhett,Krikorian,rkrikorianb3@npr.org,Male,205.23.33.39
1501,Ailee,Oldnall,aoldnallb4@freewebs.com,Female,139.186.88.237
1502,Launce,Mablestone,lmablestoneb5@bandcamp.com,Polygender,97.112.229.243
1503,Rafe,Murrell,rmurrellb6@w3.org,Male,174.205.116.116
1504,Cesya,Cathro,ccathrob7@yelp.com,Female,249.85.2.171
1505,Gavin,Caghy,gcaghyb8@si.edu,Male,86.110.24.123
1506,Harman,Berggren,hberggrenb9@forbes.com,Male,8.145.148.222
1507,Tallulah,McVittie,tmcvittieba@ocn.ne.jp,Female,9.119.134.201
1508,Zebulen,Harris,zharrisbb@github.io,Male,54.61.76.161
1509,Chlo,Coddrington,ccoddringtonbc@chicagotribune.com,Female,26.98.199.59
1510,Cash,Chesshire,cchesshirebd@bigcartel.com,Polygender,202.237.6.173
1511,Timmy,Marling,tmarlingbe@nbcnews.com,Male,152.81.61.245
1512,Tobe,Beavors,tbeavorsbf@ucoz.ru,Male,220.214.141.47
1513,Georas,Minshaw,gminshawbg@apple.com,Male,225.216.78.192
1514,Alanson,Fermer,afermerbh@tamu.edu,Male,165.222.90.246
1515,Kippy,Delmage,kdelmagebi@bbc.co.uk,Female,102.11.136.220
1516,Rebeka,Skeldon,rskeldonbj@nydailynews.com,Female,32.179.49.95
1517,Milicent,Belliss,mbellissbk@github.io,Polygender,248.240.75.195
1518,Carlota,Hammelberg,chammelbergbl@networksolutions.com,Female,11.244.63.142
1519,Tonia,Ivamy,tivamybm@topsy.com,Female,78.123.148.101
1520,Jewell,Torrese,jtorresebn@ucla.edu,Female,207.24.173.217
1521,Wendel,Elleray,welleraybo@mysql.com,Male,250.182.246.227
1522,Patrica,Wait,pwaitbp@github.io,Female,237.111.64.218
1523,Ingemar,Dampney,idampneybq@alexa.com,Male,208.64.16.54
1524,Enrika,Fooks,efooksbr@tiny.cc,Female,232.88.169.213
1525,Jefferson,Goodrich,jgoodrichbs@digg.com,Male,94.212.215.76
1526,Catriona,Shakesby,cshakesbybt@dropbox.com,Female,224.132.86.129
1527,Lewes,Stannis,lstannisbu@hatena.ne.jp,Male,136.214.111.67
1528,Rakel,Burmaster,rburmasterbv@google.it,Female,135.176.31.92
1529,Rozina,Marchington,rmarchingtonbw@live.com,Genderqueer,23.63.176.108
1530,Julita,Egglestone,jegglestonebx@bandcamp.com,Female,43.13.1.123
1531,Barbara-anne,Tackley,btackleyby@unesco.org,Female,130.61.124.14
1532,Jedd,Josselson,jjosselsonbz@cloudflare.com,Male,51.56.112.193
1533,Sergio,Conneau,sconneauc0@devhub.com,Non-binary,31.61.140.98
1534,Murvyn,Humphrys,mhumphrysc1@meetup.com,Male,134.55.158.61
1535,Lilian,Venton,lventonc2@springer.com,Female,152.133.229.75
1536,Nicolette,Popov,npopovc3@comcast.net,Female,162.97.216.84
1537,Jody,Avraham,javrahamc4@intel.com,Female,197.237.159.32
1538,Heath,Oxer,hoxerc5@is.gd,Female,80.176.174.236
1539,Keeley,Tenpenny,ktenpennyc6@omniture.com,Female,170.241.90.245
1540,Dilan,Mantha,dmanthac7@umn.edu,Male,41.82.194.64
1541,Lynnell,Samter,lsamterc8@ucla.edu,Female,52.202.253.63
1542,Noemi,Bartholat,nbartholatc9@kickstarter.com,Female,93.145.187.246
1543,Angelina,Dudding,aduddingca@trellian.com,Female,91.190.134.19
1544,Jacquette,Harverson,jharversoncb@prweb.com,Non-binary,26.116.25.166
1545,Rafferty,Gooddie,rgooddiecc@unblog.fr,Male,6.72.172.128
1546,Rodie,FitzGilbert,rfitzgilbertcd@google.com.au,Female,196.27.25.3
1547,Zeke,Perelli,zperellice@lycos.com,Male,238.121.207.97
1548,Bessie,Mushet,bmushetcf@sourceforge.net,Female,52.147.220.43
1549,Caro,Eagleton,ceagletoncg@theatlantic.com,Female,213.92.176.83
1550,Maryanna,Selesnick,mselesnickch@tinypic.com,Female,97.41.14.230
1551,Anne,Venneur,avenneurci@blogger.com,Female,38.144.243.166
1552,Donnie,Norsister,dnorsistercj@jalbum.net,Male,231.63.163.80
1553,Allsun,Linklater,alinklaterck@ustream.tv,Genderqueer,80.202.35.49
1554,Dinnie,Lever,dlevercl@statcounter.com,Female,247.30.157.108
1555,Kalindi,Screach,kscreachcm@behance.net,Female,137.211.3.64
1556,Harwell,Garlick,hgarlickcn@huffingtonpost.com,Male,159.54.148.223
1557,Gillian,Billings,gbillingsco@bloglovin.com,Female,152.217.233.19
1558,Nannie,Berrey,nberreycp@noaa.gov,Female,1.92.173.87
1559,Mauricio,Lowings,mlowingscq@yellowpages.com,Male,226.143.16.131
1560,Josey,Harrismith,jharrismithcr@1und1.de,Female,193.219.80.109
1561,Rutherford,Gawthrope,rgawthropecs@bandcamp.com,Male,64.211.178.75
1562,Dannye,Woollett,dwoollettct@usgs.gov,Female,238.130.87.163
1563,Eleen,Fishlee,efishleecu@washingtonpost.com,Female,148.162.216.60
1564,Ase,Allenby,aallenbycv@flickr.com,Male,3.11.95.254
1565,Kalle,Simukov,ksimukovcw@jimdo.com,Male,247.15.68.18
1566,Alberik,Hasluck,ahasluckcx@nhs.uk,Non-binary,154.141.186.201
1567,Jaclin,Ledwitch,jledwitchcy@joomla.org,Female,105.255.182.186
1568,Lodovico,Fallis,lfalliscz@ibm.com,Male,1.107.138.64
1569,Spense,Navaro,snavarod0@51.la,Male,234.148.43.228
1570,Kinsley,Grishankov,kgrishankovd1@wsj.com,Male,58.76.111.210
1571,Charlotta,Ewers,cewersd2@bloglovin.com,Bigender,191.16.78.133
1572,Gene,Summerly,gsummerlyd3@google.nl,Female,250.102.140.150
1573,Emelina,Jeacock,ejeacockd4@theglobeandmail.com,Female,160.120.152.157
1574,Dex,Jephcote,djephcoted5@ted.com,Male,41.212.82.199
1575,Riane,Rzehorz,rrzehorzd6@microsoft.com,Female,176.16.242.117
1576,Brook,Thurling,bthurlingd7@a8.net,Female,250.155.76.91
1577,Sib,Sydall,ssydalld8@livejournal.com,Non-binary,216.210.113.163
1578,Eldredge,Inkpen,einkpend9@issuu.com,Male,168.181.139.79
1579,Tabbatha,Mucklestone,tmucklestoneda@creativecommons.org,Female,3.103.144.111
1580,Marlie,McIlreavy,mmcilreavydb@blogger.com,Female,224.221.76.20
1581,Jeanine,Malt,jmaltdc@reverbnation.com,Female,20.10.152.127
1582,Lenard,Sweetman,lsweetmandd@paypal.com,Male,213.146.61.174
1583,Creight,Double,cdoublede@sina.com.cn,Male,183.188.18.32
1584,Sheri,Abelwhite,sabelwhitedf@tuttocitta.it,Female,143.143.86.211
1585,Wyndham,Novotni,wnovotnidg@howstuffworks.com,Male,103.146.123.151
1586,Eugenia,Fraschetti,efraschettidh@china.com.cn,Female,20.42.31.180
1587,Jemima,Ludlamme,jludlammedi@liveinternet.ru,Bigender,107.87.175.9
1588,Tybalt,Targetter,ttargetterdj@seattletimes.com,Genderfluid,197.71.77.140
1589,Valina,Orable,vorabledk@histats.com,Female,162.241.74.177
1590,Mick,Viggers,mviggersdl@msn.com,Male,171.177.125.24
1591,Verina,Blampy,vblampydm@fema.gov,Female,137.112.229.188
1592,Rafaela,Withers,rwithersdn@who.int,Female,9.255.165.184
1593,Packston,Morffew,pmorffewdo@arizona.edu,Polygender,177.189.81.112
1594,Woody,Andren,wandrendp@g.co,Male,103.210.206.19
1595,Edee,Birwhistle,ebirwhistledq@woothemes.com,Female,219.46.14.246
1596,Baxy,Rendall,brendalldr@shutterfly.com,Male,90.37.192.183
1597,Obed,Traviss,otravissds@photobucket.com,Male,133.12.46.14
1598,Tedd,Bloom,tbloomdt@fema.gov,Male,43.94.120.223
1599,Clerissa,Booth-Jarvis,cboothjarvisdu@cornell.edu,Polygender,219.188.115.136
1600,Cookie,Cogar,ccogardv@devhub.com,Female,30.174.203.168
1601,Jamil,Halshaw,jhalshawdw@4shared.com,Male,72.229.47.21
1602,Mariana,Kynoch,mkynochdx@moonfruit.com,Female,33.74.96.1
1603,Norbie,Jiroutek,njiroutekdy@ted.com,Male,107.204.172.249
1604,Eugenie,Kislingbury,ekislingburydz@opera.com,Female,99.132.96.142
1605,Duff,Marconi,dmarconie0@prnewswire.com,Male,185.8.184.192
1606,Eloisa,Liddon,eliddone1@feedburner.com,Female,64.148.255.237
1607,Adolpho,Ballister,aballistere2@businesswire.com,Male,161.172.219.233
1608,Zebadiah,Stables,zstablese3@163.com,Male,218.32.176.8
1609,Cyril,Mc-Kerley,cmckerleye4@disqus.com,Male,7.222.252.154
1610,Jobie,Tresler,jtreslere5@163.com,Female,84.35.213.78
1611,Faydra,Coomes,fcoomese6@typepad.com,Female,211.206.242.208
1612,Abigail,Anyene,aanyenee7@instagram.com,Female,2.84.208.125
1613,Chet,Hillitt,chillitte8@eepurl.com,Male,215.111.81.113
1614,Stephan,McCormick,smccormicke9@cyberchimps.com,Male,186.248.105.119
1615,Bart,Dronsfield,bdronsfieldea@reverbnation.com,Agender,95.66.75.108
1616,Christin,Brettoner,cbrettonereb@biblegateway.com,Female,71.131.20.0
1617,Violette,Simeoli,vsimeoliec@wired.com,Female,9.48.114.191
1618,Ulric,Clery,ucleryed@technorati.com,Male,170.55.4.23
1619,Ambur,Falconar,afalconaree@vimeo.com,Female,135.20.32.55
1620,Lloyd,Sowden,lsowdenef@slate.com,Male,176.204.32.39
1621,Claudian,Berni,cbernieg@infoseek.co.jp,Male,205.197.116.128
1622,Leonanie,Dayborne,ldayborneeh@people.com.cn,Bigender,16.211.14.188
1623,Cliff,Gredden,cgreddenei@dot.gov,Male,175.135.114.119
1624,Hillary,Weight,hweightej@imdb.com,Male,43.220.206.79
1625,Darby,Barrowclough,dbarrowcloughek@gizmodo.com,Male,34.47.196.66
1626,Mellisent,Buggs,mbuggsel@sogou.com,Female,185.236.105.29
1627,Kippy,Woakes,kwoakesem@alexa.com,Male,158.178.37.219
1628,Austin,Touzey,atouzeyen@plala.or.jp,Female,245.205.183.15
1629,Charlene,Bucklan,cbucklaneo@spiegel.de,Female,106.209.24.173
1630,Hamilton,Gommes,hgommesep@dropbox.com,Genderqueer,41.141.87.245
1631,Heddie,Weekly,hweeklyeq@rakuten.co.jp,Female,160.126.30.149
1632,Gisella,Leroux,glerouxer@blogger.com,Female,240.39.65.108
1633,Taddeo,Whiten,twhitenes@elegantthemes.com,Male,159.221.67.246
1634,Yul,Kempston,ykempstonet@blogger.com,Male,9.128.136.238
1635,Audrie,Boosey,abooseyeu@163.com,Female,34.219.38.48
1636,Karna,Titta,ktittaev@sfgate.com,Female,34.116.94.17
1637,Harriot,Leppington,hleppingtonew@mail.ru,Female,55.224.177.242
1638,Noellyn,Gookey,ngookeyex@skype.com,Female,103.104.151.88
1639,Cyndia,Birdwhistell,cbirdwhistelley@admin.ch,Bigender,129.77.205.136
1640,Theodora,Colecrough,tcolecroughez@oaic.gov.au,Female,194.224.220.105
1641,Patton,Etchingham,petchinghamf0@utexas.edu,Male,168.81.72.4
1642,Eudora,Dwyr,edwyrf1@myspace.com,Female,43.88.111.230
1643,Wendell,Laughrey,wlaughreyf2@cmu.edu,Male,92.92.123.167
1644,Berget,Kilbey,bkilbeyf3@mashable.com,Female,180.55.8.193
1645,Alida,Whatsize,awhatsizef4@list-manage.com,Female,238.62.216.174
1646,Lyndy,Fillingham,lfillinghamf5@bbb.org,Female,84.206.253.78
1647,Marwin,Tournie,mtournief6@loc.gov,Male,123.2.236.46
1648,Tabina,Grassi,tgrassif7@lulu.com,Female,122.104.220.248
1649,Abey,McGilbon,amcgilbonf8@netvibes.com,Male,230.114.45.244
1650,Rutledge,Maruska,rmaruskaf9@google.pl,Male,47.134.164.12
1651,Crawford,Ruffy,cruffyfa@skyrock.com,Polygender,165.4.78.98
1652,Holly,Tabb,htabbfb@people.com.cn,Female,128.153.128.251
1653,Trisha,Gatley,tgatleyfc@uiuc.edu,Female,251.64.146.227
1654,Renato,Fahrenbach,rfahrenbachfd@guardian.co.uk,Male,35.199.68.80
1655,Genevieve,Hukin,ghukinfe@addthis.com,Female,81.38.234.232
1656,Elisha,Hazeltine,ehazeltineff@t-online.de,Female,21.79.153.96
1657,Martie,Idwal Evans,midwalevansfg@ocn.ne.jp,Female,115.222.145.131
1658,Erskine,Maycey,emayceyfh@sakura.ne.jp,Male,147.173.140.17
1659,Verena,Chiommienti,vchiommientifi@barnesandnoble.com,Female,156.186.14.53
1660,Gabie,Foggarty,gfoggartyfj@google.fr,Agender,166.131.75.240
1661,Alix,Mallion,amallionfk@bing.com,Male,179.46.21.162
1662,Bay,Dalzell,bdalzellfl@sfgate.com,Male,248.76.249.177
1663,Paulo,Jenik,pjenikfm@washington.edu,Male,6.33.163.141
1664,Gussie,Dani,gdanifn@cornell.edu,Female,179.123.118.118
1665,Hamid,Joan,hjoanfo@ftc.gov,Male,99.11.245.52
1666,Bibbie,Pudan,bpudanfp@walmart.com,Female,153.245.154.42
1667,Otes,Christopher,ochristopherfq@hhs.gov,Male,22.190.0.216
1668,Curt,Benit,cbenitfr@theatlantic.com,Male,167.195.198.183
1669,Mag,Gaskins,mgaskinsfs@amazonaws.com,Female,92.231.174.8
1670,Kennett,Olivi,kolivift@ucsd.edu,Male,81.233.231.253
1671,Nicky,Novik,nnovikfu@aboutads.info,Genderfluid,140.234.45.217
1672,Paton,Krebs,pkrebsfv@examiner.com,Male,175.233.28.39
1673,Leonora,Vallery,lvalleryfw@acquirethisname.com,Female,247.247.8.88
1674,Wilhelmine,Coode,wcoodefx@usa.gov,Genderfluid,180.139.30.255
1675,Lock,Melross,lmelrossfy@themeforest.net,Male,200.160.84.245
1676,Wylma,Domenc,wdomencfz@bbb.org,Female,147.63.202.7
1677,Hiram,Biesty,hbiestyg0@kickstarter.com,Male,208.251.81.160
1678,Palm,Whate,pwhateg1@prnewswire.com,Polygender,147.108.64.151
1679,Annabella,Bountiff,abountiffg2@shutterfly.com,Female,94.45.180.161
1680,Darnell,Blundin,dblunding3@surveymonkey.com,Male,181.94.182.161
1681,Rae,Strettell,rstrettellg4@irs.gov,Female,164.94.77.112
1682,Fraze,Harmar,fharmarg5@sciencedirect.com,Male,48.124.196.205
1683,Stephanus,Babcock,sbabcockg6@about.com,Male,145.206.153.172
1684,Meier,Pietzke,mpietzkeg7@163.com,Male,101.220.66.77
1685,Huberto,Guy,hguyg8@skype.com,Bigender,29.67.226.49
1686,Rene,Skarr,rskarrg9@w3.org,Female,187.170.68.188
1687,Cord,Le-Good,clegoodga@smugmug.com,Male,78.77.143.140
1688,Cybil,Tisun,ctisungb@theguardian.com,Female,72.177.246.183
1689,Hasheem,Abbati,habbatigc@alexa.com,Male,171.242.7.155
1690,Merrill,Clibbery,mclibberygd@behance.net,Male,183.15.105.10
1691,Ferd,Bradburn,fbradburnge@google.com.br,Male,200.122.62.31
1692,Chane,Wybourne,cwybournegf@google.co.jp,Male,103.98.240.88
1693,Lorraine,Fowle,lfowlegg@github.io,Female,187.86.248.18
1694,Pauline,Pickthall,ppickthallgh@etsy.com,Female,149.227.94.244
1695,Lem,Knock,lknockgi@e-recht24.de,Male,73.105.90.86
1696,Roanne,Nortunen,rnortunengj@weibo.com,Female,167.57.73.52
1697,Mair,Hellsdon,mhellsdongk@networkadvertising.org,Female,152.49.98.172
1698,Henrie,Barbier,hbarbiergl@cbc.ca,Female,177.116.109.113
1699,Robbie,Hurran,rhurrangm@so-net.ne.jp,Female,72.255.19.130
1700,Godfrey,Menico,gmenicogn@goo.gl,Agender,118.16.106.18
1701,Mellicent,Cotillard,mcotillardgo@mlb.com,Female,167.99.190.202
1702,Emelita,Leasor,eleasorgp@google.es,Non-binary,39.117.28.82
1703,Win,Osorio,wosoriogq@comcast.net,Male,26.105.160.178
1704,Leta,Twinn,ltwinngr@deviantart.com,Female,86.61.188.68
1705,Rex,Briffett,rbriffettgs@whitehouse.gov,Male,20.194.126.213
1706,Ezra,Rennenbach,erennenbachgt@army.mil,Bigender,46.177.196.11
1707,Nicoline,Hardson,nhardsongu@chron.com,Polygender,190.199.129.52
1708,Winonah,Paydon,wpaydongv@wordpress.com,Female,179.164.185.159
1709,Maryellen,Hobbert,mhobbertgw@cnbc.com,Female,193.43.178.85
1710,Goldia,Pummery,gpummerygx@digg.com,Female,92.86.130.179
1711,Jerry,Dunnico,jdunnicogy@topsy.com,Female,95.167.175.34
1712,Ellary,Deverock,edeverockgz@fda.gov,Male,56.187.165.148
1713,Yetty,Kolakowski,ykolakowskih0@skype.com,Female,10.200.98.132
1714,Odelinda,Wotherspoon,owotherspoonh1@microsoft.com,Female,50.86.92.221
1715,Deirdre,Patmore,dpatmoreh2@fda.gov,Female,183.41.221.124
1716,Bertrando,Greenshiels,bgreenshielsh3@barnesandnoble.com,Male,142.31.20.8
1717,Hale,Bodicam,hbodicamh4@wikispaces.com,Male,232.202.144.128
1718,Norina,Rollinson,nrollinsonh5@newyorker.com,Genderfluid,10.99.34.165
1719,Vi,Danelet,vdaneleth6@patch.com,Female,87.142.30.22
1720,Erica,Rickarsey,erickarseyh7@feedburner.com,Female,252.5.253.150
1721,Salomone,Poulsum,spoulsumh8@blogs.com,Male,5.142.86.253
1722,Jennifer,Pigrome,jpigromeh9@hibu.com,Female,218.97.198.150
1723,Winston,Middleditch,wmiddleditchha@illinois.edu,Agender,53.1.195.10
1724,Beverie,Spat,bspathb@wufoo.com,Female,47.148.153.233
1725,Amerigo,Tschirschky,atschirschkyhc@php.net,Male,89.197.95.106
1726,Lise,Guice,lguicehd@oakley.com,Female,136.229.74.18
1727,Jourdain,Riccetti,jriccettihe@noaa.gov,Male,43.99.253.235
1728,Jens,Caccavale,jcaccavalehf@flavors.me,Male,228.133.129.44
1729,Claudio,Baudesson,cbaudessonhg@squarespace.com,Male,43.142.243.202
1730,Fancy,Checchetelli,fchecchetellihh@hibu.com,Genderqueer,6.99.217.118
1731,Maiga,Launchbury,mlaunchburyhi@earthlink.net,Genderfluid,173.114.158.8
1732,Bartholomeo,Merrick,bmerrickhj@arstechnica.com,Male,50.138.239.218
1733,Georgy,Staniland,gstanilandhk@ehow.com,Genderqueer,39.68.62.5
1734,Christos,Hearthfield,chearthfieldhl@booking.com,Male,38.119.194.53
1735,Melonie,Destouche,mdestouchehm@ed.gov,Female,163.171.132.14
1736,Alexio,Deetch,adeetchhn@discovery.com,Male,224.134.224.96
1737,Kathie,Hamer,khamerho@samsung.com,Female,241.99.201.220
1738,Izaak,Pulman,ipulmanhp@zdnet.com,Male,237.48.13.33
1739,Sileas,Riseam,sriseamhq@istockphoto.com,Female,147.12.48.124
1740,Beryl,Grisley,bgrisleyhr@typepad.com,Female,57.159.85.61
1741,Regen,Ronisch,rronischhs@github.com,Male,53.29.144.125
1742,Travis,Maliphant,tmaliphantht@hatena.ne.jp,Male,145.239.16.169
1743,Sarina,Winpenny,swinpennyhu@berkeley.edu,Female,28.58.62.34
1744,Vincents,Grover,vgroverhv@php.net,Male,177.110.127.188
1745,Cristen,Capoun,ccapounhw@cyberchimps.com,Female,197.239.112.120
1746,Faunie,Mandry,fmandryhx@bloglines.com,Female,69.96.156.97
1747,Katti,De Ruggiero,kderuggierohy@msu.edu,Female,189.125.181.188
1748,Kelly,Beaulieu,kbeaulieuhz@usatoday.com,Male,87.66.40.50
1749,Nestor,Faustian,nfaustiani0@wufoo.com,Male,136.54.229.101
1750,Anderea,Bathow,abathowi1@ow.ly,Female,112.156.40.73
1751,Christoforo,Loynton,cloyntoni2@etsy.com,Male,70.97.39.204
1752,Pamelina,Breitling,pbreitlingi3@forbes.com,Female,69.149.137.5
1753,Bernetta,Klosser,bklosseri4@irs.gov,Female,75.28.109.132
1754,Marquita,Cranmer,mcranmeri5@istockphoto.com,Female,11.78.145.51
1755,Rici,Buff,rbuffi6@dion.ne.jp,Female,76.247.72.124
1756,Noe,Yvens,nyvensi7@godaddy.com,Male,52.60.81.235
1757,Court,Qualtrough,cqualtroughi8@stanford.edu,Male,237.67.124.17
1758,Georgetta,Edmett,gedmetti9@ycombinator.com,Female,23.53.126.99
1759,Chrissie,Hurle,churleia@stanford.edu,Male,56.95.59.79
1760,Prentice,Effnert,peffnertib@furl.net,Male,155.118.51.250
1761,Shem,Whitehead,swhiteheadic@amazonaws.com,Genderfluid,153.136.97.30
1762,Cristen,Abramcik,cabramcikid@dell.com,Female,54.85.222.238
1763,Linea,Memmory,lmemmoryie@usnews.com,Female,105.60.178.128
1764,Val,McCloy,vmccloyif@ftc.gov,Male,203.193.0.224
1765,Gal,Pinsent,gpinsentig@netvibes.com,Male,149.89.212.196
1766,Alejandrina,Cartmale,acartmaleih@dagondesign.com,Female,137.182.56.156
1767,Wilden,Andreasson,wandreassonii@nymag.com,Male,109.132.3.55
1768,Shayla,Guerner,sguernerij@wsj.com,Female,95.29.107.182
1769,Cornie,Severwright,cseverwrightik@quantcast.com,Female,125.129.140.232
1770,Terri,Dax,tdaxil@usgs.gov,Male,12.66.118.73
1771,Brianne,Birkinshaw,bbirkinshawim@vk.com,Female,233.147.186.116
1772,Jeanine,Freeborn,jfreebornin@jimdo.com,Female,146.54.172.51
1773,Griff,Grewar,ggrewario@topsy.com,Male,5.185.18.209
1774,Amalita,Endersby,aendersbyip@friendfeed.com,Female,247.108.92.122
1775,Kirby,McOrkil,kmcorkiliq@jimdo.com,Male,236.160.170.168
1776,Fran,Tabram,ftabramir@yellowpages.com,Female,49.67.140.218
1777,August,Ellacombe,aellacombeis@sun.com,Male,210.84.146.212
1778,Othello,Poland,opolandit@soundcloud.com,Male,227.65.245.42
1779,Fletch,Stobbe,fstobbeiu@delicious.com,Male,109.227.158.179
1780,Nicol,Weetch,nweetchiv@bizjournals.com,Male,126.1.202.44
1781,Charlot,Wink,cwinkiw@infoseek.co.jp,Female,151.10.148.111
1782,Andre,Boon,aboonix@comsenz.com,Male,199.221.110.12
1783,Reese,Behan,rbehaniy@163.com,Male,254.233.176.203
1784,Ernst,Lyness,elynessiz@youku.com,Male,211.209.85.212
1785,Conway,Brannan,cbrannanj0@businesswire.com,Bigender,153.85.180.18
1786,Odelia,Paulon,opaulonj1@creativecommons.org,Female,12.164.252.136
1787,Elaine,Baddoe,ebaddoej2@hexun.com,Female,248.241.131.128
1788,Mina,Cowell,mcowellj3@symantec.com,Female,171.49.221.51
1789,Timmy,Bigby,tbigbyj4@army.mil,Male,217.86.24.39
1790,Lynett,Moakler,lmoaklerj5@ibm.com,Female,220.106.224.24
1791,Kat,Ebbutt,kebbuttj6@meetup.com,Female,172.109.224.123
1792,Oralie,McCurdy,omccurdyj7@bing.com,Female,173.96.78.9
1793,Jonathan,Quarrell,jquarrellj8@theatlantic.com,Male,89.205.246.159
1794,Raymond,Filipson,rfilipsonj9@amazon.de,Male,19.8.63.221
1795,Jodi,Syphas,jsyphasja@goo.ne.jp,Male,183.219.251.189
1796,Chase,Beades,cbeadesjb@alexa.com,Male,160.200.198.27
1797,Spenser,Routledge,sroutledgejc@hubpages.com,Polygender,191.16.212.216
1798,Barbaraanne,Tipens,btipensjd@arizona.edu,Female,148.86.9.110
1799,Rance,Kinnin,rkinninje@nature.com,Male,41.74.161.251
1800,Sigvard,McGannon,smcgannonjf@e-recht24.de,Male,229.23.253.247
1801,Mehetabel,Soares,msoaresjg@google.nl,Female,203.34.156.68
1802,Eyde,Schoffel,eschoffeljh@chicagotribune.com,Female,167.172.83.43
1803,Vivie,Kolin,vkolinji@technorati.com,Female,130.244.15.11
1804,Adelbert,Grzesiak,agrzesiakjj@java.com,Male,251.130.106.174
1805,Cassi,Dionsetto,cdionsettojk@webmd.com,Female,22.110.151.161
1806,Beaufort,Nabbs,bnabbsjl@usatoday.com,Male,104.207.225.174
1807,Tessi,Haveline,thavelinejm@salon.com,Female,141.160.7.190
1808,Garey,Hallut,ghallutjn@un.org,Male,243.187.147.248
1809,Odey,Van Hove,ovanhovejo@opera.com,Non-binary,43.21.75.187
1810,Charita,Barden,cbardenjp@xrea.com,Non-binary,4.70.120.28
1811,Gary,Westell,gwestelljq@netscape.com,Male,29.250.170.79
1812,Asher,Rogeron,arogeronjr@reddit.com,Male,139.20.41.68
1813,Cyrille,Matzl,cmatzljs@livejournal.com,Male,249.188.75.155
1814,Magda,Bulmer,mbulmerjt@webmd.com,Female,16.201.66.122
1815,Bernette,Drinkwater,bdrinkwaterju@csmonitor.com,Female,33.94.104.22
1816,Dottie,Canet,dcanetjv@springer.com,Female,124.129.150.71
1817,Sherwynd,Sertin,ssertinjw@edublogs.org,Male,97.145.253.43
1818,Darcee,Samways,dsamwaysjx@lycos.com,Female,245.233.238.60
1819,Gery,Rugiero,grugierojy@altervista.org,Polygender,216.148.221.222
1820,Aldwin,Kuhndel,akuhndeljz@opera.com,Male,249.227.243.238
1821,Rollo,Bodker,rbodkerk0@mediafire.com,Male,18.211.161.253
1822,Celle,Ekless,ceklessk1@ucoz.com,Female,210.62.201.129
1823,Amory,Jacqueminet,ajacqueminetk2@macromedia.com,Bigender,234.31.201.207
1824,Zuzana,Surtees,zsurteesk3@dedecms.com,Female,79.35.161.140
1825,Ellwood,Svanetti,esvanettik4@slashdot.org,Male,96.142.66.44
1826,Murial,Hubbard,mhubbardk5@sohu.com,Female,193.166.221.77
1827,Nerte,Vorley,nvorleyk6@4shared.com,Female,159.134.56.156
1828,Barnebas,Bewshaw,bbewshawk7@studiopress.com,Male,232.134.121.73
1829,Udall,Elby,uelbyk8@abc.net.au,Male,244.70.18.4
1830,Maurise,Rany,mranyk9@hatena.ne.jp,Male,213.246.22.12
1831,Morey,Aronow,maronowka@over-blog.com,Male,100.213.234.71
1832,Conchita,Lattka,clattkakb@cornell.edu,Female,252.27.161.78
1833,Latisha,Benduhn,lbenduhnkc@indiatimes.com,Female,241.97.74.227
1834,Brietta,Sawdy,bsawdykd@51.la,Female,41.70.242.157
1835,Mayer,Barz,mbarzke@bloomberg.com,Male,134.17.178.199
1836,Neil,Midlar,nmidlarkf@seesaa.net,Male,57.3.186.188
1837,Berenice,Krzysztofiak,bkrzysztofiakkg@unicef.org,Female,64.244.80.252
1838,Ingaborg,Buzza,ibuzzakh@japanpost.jp,Female,125.123.12.109
1839,Misty,covino,mcovinoki@princeton.edu,Female,112.217.198.0
1840,Morgan,Strettle,mstrettlekj@vinaora.com,Male,201.57.145.199
1841,Christophorus,McIan,cmciankk@simplemachines.org,Male,190.112.100.80
1842,Cristen,Feben,cfebenkl@spotify.com,Female,107.55.164.72
1843,Clarita,Kilalea,ckilaleakm@github.io,Female,243.245.219.21
1844,Zack,Beevors,zbeevorskn@netvibes.com,Male,93.74.181.0
1845,Whit,Demann,wdemannko@nps.gov,Male,95.183.144.31
1846,Kaia,Aimeric,kaimerickp@dropbox.com,Female,80.65.132.22
1847,Virgie,Pherps,vpherpskq@tripadvisor.com,Female,133.234.51.126
1848,Sapphira,Tattersill,stattersillkr@princeton.edu,Female,11.206.248.66
1849,Kris,Parcall,kparcallks@hugedomains.com,Female,133.170.4.177
1850,Friederike,Grevile,fgrevilekt@google.it,Female,160.67.233.70
1851,Glynnis,Camber,gcamberku@unesco.org,Female,78.97.99.208
1852,Sampson,Bottomer,sbottomerkv@sakura.ne.jp,Male,240.1.5.119
1853,Pembroke,Woolham,pwoolhamkw@loc.gov,Male,149.109.181.203
1854,Flo,Van Geffen,fvangeffenkx@nba.com,Female,101.160.88.43
1855,Antonia,Coolican,acoolicanky@techcrunch.com,Female,252.183.229.144
1856,Sonnie,Powe,spowekz@examiner.com,Male,218.106.197.62
1857,Gill,Theseira,gtheseiral0@telegraph.co.uk,Female,51.23.171.26
1858,Norine,Birtwisle,nbirtwislel1@alibaba.com,Female,170.34.208.204
1859,Kissiah,Wightman,kwightmanl2@umn.edu,Female,103.179.146.80
1860,Annabella,Rangeley,arangeleyl3@tinyurl.com,Female,245.85.197.6
1861,Rees,Crotch,rcrotchl4@flavors.me,Male,40.154.60.230
1862,Skelly,Kisbey,skisbeyl5@mysql.com,Male,164.175.251.224
1863,Seumas,Garlette,sgarlettel6@ebay.co.uk,Male,90.106.73.202
1864,Clarey,Berthomieu,cberthomieul7@paypal.com,Female,169.139.20.74
1865,Nicoli,Cruickshank,ncruickshankl8@goodreads.com,Female,201.233.221.108
1866,Donn,MacCallum,dmaccalluml9@barnesandnoble.com,Male,240.209.81.73
1867,Bradan,Alywen,balywenla@epa.gov,Male,52.160.167.63
1868,Skell,Mackstead,smacksteadlb@zimbio.com,Male,190.8.69.109
1869,Issie,Rowswell,irowswelllc@ibm.com,Female,194.253.233.174
1870,Gillan,Ecles,geclesld@census.gov,Female,195.214.5.94
1871,Bert,Lemmertz,blemmertzle@ovh.net,Female,144.131.156.52
1872,Susi,Twatt,stwattlf@ftc.gov,Female,124.16.178.168
1873,Hilliary,Thunderchief,hthunderchieflg@amazon.co.uk,Female,88.136.114.91
1874,Regina,Tomsu,rtomsulh@bizjournals.com,Female,211.234.37.137
1875,Rolf,Lundbech,rlundbechli@comsenz.com,Male,167.124.23.5
1876,Fanchon,Kellart,fkellartlj@oaic.gov.au,Female,203.212.84.111
1877,Darlleen,Castille,dcastillelk@telegraph.co.uk,Bigender,204.36.116.67
1878,Meara,Balhatchet,mbalhatchetll@dmoz.org,Female,69.43.207.80
1879,Clark,Ellicott,cellicottlm@state.gov,Male,98.51.177.69
1880,Phylis,Dawtre,pdawtreln@google.com.hk,Female,187.10.82.57
1881,Bekki,Udden,buddenlo@arizona.edu,Agender,221.213.171.28
1882,Pablo,Paskerful,ppaskerfullp@ehow.com,Male,114.120.94.21
1883,Reynard,Westmancoat,rwestmancoatlq@zimbio.com,Male,17.222.9.27
1884,Bennie,Martensen,bmartensenlr@nydailynews.com,Female,249.128.140.34
1885,Marney,Thring,mthringls@com.com,Female,30.199.98.223
1886,Pearla,Corck,pcorcklt@mashable.com,Female,115.50.3.18
1887,Jeremiah,Gopsall,jgopsalllu@marketwatch.com,Male,172.116.73.243
1888,Theresita,Lampaert,tlampaertlv@newsvine.com,Polygender,244.170.189.238
1889,Bobbie,Fernan,bfernanlw@java.com,Male,57.146.46.70
1890,Sondra,Cholomin,scholominlx@cyberchimps.com,Female,168.122.84.200
1891,Kimberly,Brakespear,kbrakespearly@etsy.com,Female,25.152.134.218
1892,Inglis,Jessep,ijesseplz@upenn.edu,Male,53.181.77.140
1893,Judas,Utteridge,jutteridgem0@t.co,Male,141.97.92.179
1894,Ninnetta,Sherar,nsherarm1@state.gov,Female,209.182.132.172
1895,Rossie,Warder,rwarderm2@biblegateway.com,Male,113.88.5.239
1896,Chicky,Garrison,cgarrisonm3@cyberchimps.com,Genderqueer,228.213.8.130
1897,Berta,Upcraft,bupcraftm4@goo.gl,Female,155.102.218.237
1898,Eachelle,Curless,ecurlessm5@ihg.com,Genderqueer,123.226.223.204
1899,Shaine,Booler,sboolerm6@phoca.cz,Female,37.75.55.32
1900,Roxine,Handman,rhandmanm7@arstechnica.com,Polygender,199.38.133.69
1901,Mandie,Senchenko,msenchenkom8@privacy.gov.au,Agender,225.42.68.1
1902,Britney,Sammons,bsammonsm9@marriott.com,Female,227.168.112.204
1903,Kitti,Woofendell,kwoofendellma@yale.edu,Female,56.204.78.128
1904,Anastasia,Stive,astivemb@netvibes.com,Female,0.74.141.17
1905,Alyson,McDill,amcdillmc@prlog.org,Female,207.103.140.160
1906,Daffy,Jiranek,djiranekmd@facebook.com,Female,123.214.239.170
1907,Jemie,Aldrick,jaldrickme@yellowpages.com,Female,153.35.230.201
1908,Garv,Fedder,gfeddermf@ox.ac.uk,Male,95.168.130.63
1909,Alisun,Cutridge,acutridgemg@cnbc.com,Female,97.224.164.112
1910,Hagan,Bradane,hbradanemh@homestead.com,Male,114.105.168.96
1911,Sidnee,Shilston,sshilstonmi@last.fm,Male,154.236.172.239
1912,Mychal,Thunderman,mthundermanmj@github.io,Male,196.32.3.50
1913,Martin,Pressdee,mpressdeemk@comsenz.com,Male,61.62.172.2
1914,Mallissa,Jillett,mjillettml@nydailynews.com,Agender,117.194.177.79
1915,Gino,Milmoe,gmilmoemm@myspace.com,Bigender,110.199.52.202
1916,Rockie,Grouen,rgrouenmn@vimeo.com,Male,113.152.183.51
1917,Alvan,Ketteridge,aketteridgemo@livejournal.com,Male,50.98.56.13
1918,Colver,Pretious,cpretiousmp@nsw.gov.au,Male,151.7.170.12
1919,Ulick,Nail,unailmq@drupal.org,Male,179.110.185.49
1920,Chris,Penhallurick,cpenhallurickmr@scientificamerican.com,Male,3.74.137.83
1921,Marsh,Colvin,mcolvinms@furl.net,Male,230.242.210.25
1922,Orv,Coysh,ocoyshmt@example.com,Male,106.33.203.237
1923,Kendall,McKall,kmckallmu@quantcast.com,Bigender,26.188.16.227
1924,Gaylord,Bowshire,gbowshiremv@twitpic.com,Male,36.6.23.196
1925,Yelena,Dome,ydomemw@google.co.uk,Female,55.75.154.208
1926,Angelico,Sissot,asissotmx@comsenz.com,Male,126.163.157.115
1927,Bonnie,Dorey,bdoreymy@utexas.edu,Female,161.86.66.33
1928,Kerrie,Leatherborrow,kleatherborrowmz@google.pl,Female,212.26.253.188
1929,Joby,Jeannenet,jjeannenetn0@ustream.tv,Female,156.10.150.7
1930,Annabelle,Kenealy,akenealyn1@sina.com.cn,Female,40.244.102.35
1931,Jesselyn,Gibbe,jgibben2@wunderground.com,Female,195.147.232.7
1932,Lucy,Robbey,lrobbeyn3@jimdo.com,Female,87.29.209.182
1933,Brittany,Currum,bcurrumn4@delicious.com,Female,138.93.130.93
1934,Udell,Devinn,udevinnn5@desdev.cn,Male,162.234.180.91
1935,Oswell,Mulheron,omulheronn6@wikispaces.com,Male,158.85.95.144
1936,Hamid,Bielfeld,hbielfeldn7@dyndns.org,Male,213.250.160.171
1937,Pepe,Maund,pmaundn8@bluehost.com,Male,147.194.40.204
1938,Rhett,Warlow,rwarlown9@blogtalkradio.com,Male,26.53.120.235
1939,Carolin,Sheerman,csheermanna@unicef.org,Female,36.60.253.238
1940,Giacopo,Gasson,ggassonnb@tiny.cc,Male,197.140.187.176
1941,Hermann,Winscom,hwinscomnc@cnn.com,Male,225.80.87.195
1942,Giacopo,Huke,ghukend@xinhuanet.com,Male,147.25.179.254
1943,Job,Cadge,jcadgene@discuz.net,Male,187.36.204.146
1944,Micheil,Etuck,metucknf@moonfruit.com,Male,140.183.222.163
1945,Leroy,Byard,lbyardng@arizona.edu,Male,109.201.108.136
1946,Jamison,Kiessel,jkiesselnh@cpanel.net,Male,178.105.57.56
1947,Marsh,Teers,mteersni@senate.gov,Male,35.223.95.214
1948,Elton,Maypowder,emaypowdernj@berkeley.edu,Polygender,244.79.106.0
1949,Druci,Bonniface,dbonnifacenk@vk.com,Female,48.213.196.61
1950,Amity,Parcell,aparcellnl@cbc.ca,Female,233.207.110.207
1951,Gwenni,Stuckes,gstuckesnm@amazon.co.uk,Bigender,27.153.71.171
1952,Jodie,Adkin,jadkinnn@prweb.com,Male,52.184.117.238
1953,Anny,Winwood,awinwoodno@liveinternet.ru,Female,95.87.148.200
1954,Jehu,Jina,jjinanp@army.mil,Male,29.57.210.184
1955,Demetria,Barajas,dbarajasnq@amazon.co.jp,Female,198.183.55.188
1956,Rufe,Ashcroft,rashcroftnr@mayoclinic.com,Genderqueer,237.14.30.156
1957,Sean,McSherry,smcsherryns@blogger.com,Male,131.54.3.94
1958,Joletta,Binham,jbinhamnt@sakura.ne.jp,Female,225.172.219.22
1959,Tanhya,Birdseye,tbirdseyenu@salon.com,Female,217.65.215.146
1960,Gelya,Lounds,gloundsnv@yellowpages.com,Female,26.246.41.144
1961,Ysabel,Bartlomiej,ybartlomiejnw@vistaprint.com,Female,76.136.179.205
1962,Aubrette,Rosenfield,arosenfieldnx@lycos.com,Female,233.65.197.7
1963,Reginauld,Milsom,rmilsomny@dyndns.org,Male,91.150.35.110
1964,Ode,Stickney,ostickneynz@rakuten.co.jp,Male,124.254.123.202
1965,Annis,Stillmann,astillmanno0@bbb.org,Female,109.105.156.122
1966,Curtice,Bertrand,cbertrando1@godaddy.com,Male,206.234.85.115
1967,Delcine,Calrow,dcalrowo2@aol.com,Female,83.14.43.239
1968,Philomena,Stickney,pstickneyo3@symantec.com,Female,243.68.182.145
1969,Dewain,Cocke,dcockeo4@squidoo.com,Male,215.86.238.13
1970,Deeyn,Leech,dleecho5@ovh.net,Female,113.140.209.182
1971,Gerry,Apdell,gapdello6@eventbrite.com,Female,241.249.177.232
1972,Gus,De Benedictis,gdebenedictiso7@elegantthemes.com,Male,131.95.192.135
1973,Lindsay,MacWilliam,lmacwilliamo8@devhub.com,Female,51.106.45.89
1974,Bryna,Demkowicz,bdemkowiczo9@canalblog.com,Female,227.100.28.154
1975,Janey,Austwick,jaustwickoa@xinhuanet.com,Female,53.39.162.124
1976,Brandice,Wolstencroft,bwolstencroftob@w3.org,Female,14.151.163.10
1977,Agna,Collocott,acollocottoc@redcross.org,Female,34.36.95.56
1978,Lissie,Licas,llicasod@nbcnews.com,Female,69.33.185.187
1979,Norean,Smitheram,nsmitheramoe@un.org,Female,132.112.213.170
1980,Ammamaria,Cockling,acocklingof@vk.com,Female,238.248.159.65
1981,Nathaniel,Blowen,nblowenog@sciencedirect.com,Male,206.87.103.123
1982,Tiffie,Kondrat,tkondratoh@skyrock.com,Female,105.251.110.187
1983,Cammy,Ephgrave,cephgraveoi@kickstarter.com,Male,173.57.47.16
1984,Carmelia,Strickett,cstrickettoj@spotify.com,Female,192.144.105.143
1985,Natasha,McKiddin,nmckiddinok@drupal.org,Female,133.55.134.72
1986,Conn,Hards,chardsol@theglobeandmail.com,Male,89.102.209.228
1987,Rabbi,Taysbil,rtaysbilom@kickstarter.com,Male,75.144.196.129
1988,Rudolf,Grancher,rgrancheron@wiley.com,Male,163.131.60.108
1989,Cristal,Roma,cromaoo@smugmug.com,Female,206.170.43.53
1990,Dawn,Brennenstuhl,dbrennenstuhlop@usa.gov,Female,27.254.255.115
1991,Corny,Cockle,ccockleoq@statcounter.com,Male,85.137.16.8
1992,Elmore,Avent,eaventor@dyndns.org,Male,37.228.232.109
1993,Tami,Doreward,tdorewardos@yandex.ru,Female,107.213.7.184
1994,Garvin,Weetch,gweetchot@mediafire.com,Genderqueer,29.24.153.239
1995,Beale,Larter,blarterou@scientificamerican.com,Male,206.62.220.119
1996,Abie,Gagin,agaginov@java.com,Male,132.0.12.251
1997,Davie,Woollacott,dwoollacottow@forbes.com,Male,223.179.1.15
1998,Shell,Manicomb,smanicombox@moonfruit.com,Female,126.82.53.37
1999,Doralynne,Burrill,dburrilloy@scientificamerican.com,Female,226.50.93.170
2000,Abe,Robberecht,arobberechtoz@whitehouse.gov,Male,152.83.78.48
2001,Ancell,Allcoat,aallcoatp0@ycombinator.com,Male,249.0.242.168
2002,Aleece,Newport,anewportp1@tinypic.com,Female,226.204.133.107
2003,Francklin,Kacheller,fkachellerp2@diigo.com,Male,199.128.11.148
2004,Pearle,Marvelley,pmarvelleyp3@goo.ne.jp,Female,30.52.171.182
2005,Julina,Raittie,jraittiep4@surveymonkey.com,Female,23.206.51.113
2006,Rosetta,Cockin,rcockinp5@taobao.com,Female,97.3.165.183
2007,Orren,Moors,omoorsp6@indiegogo.com,Male,132.101.210.102
2008,Mellie,Bridgestock,mbridgestockp7@addtoany.com,Female,80.37.253.32
2009,Libbie,Mangion,lmangionp8@clickbank.net,Female,83.21.238.230
2010,Chariot,Blodg,cblodgp9@abc.net.au,Male,33.61.74.83
2011,Zebulon,Heikkinen,zheikkinenpa@reference.com,Male,231.141.30.31
2012,Wilbert,Rignold,wrignoldpb@prweb.com,Male,115.79.71.43
2013,Gregg,MacCallum,gmaccallumpc@sourceforge.net,Male,179.5.63.33
2014,Andrus,Roof,aroofpd@trellian.com,Male,61.228.24.88
2015,Fred,St. Ledger,fstledgerpe@soundcloud.com,Male,82.29.195.74
2016,Candace,Ralls,crallspf@wired.com,Female,246.114.77.149
2017,Rufus,Smedmore,rsmedmorepg@pagesperso-orange.fr,Male,63.201.85.84
2018,Kimball,Bullen,kbullenph@boston.com,Male,230.83.4.39
2019,Meredeth,Fields,mfieldspi@merriam-webster.com,Male,72.226.8.190
2020,Veronique,Gaul,vgaulpj@slashdot.org,Female,64.74.167.79
2021,Barnett,Gimeno,bgimenopk@ehow.com,Male,93.81.126.84
2022,Lyman,Desport,ldesportpl@sogou.com,Male,136.148.201.80
2023,Pia,Dilliway,pdilliwaypm@wikimedia.org,Female,39.18.55.26
2024,Delcina,Baston,dbastonpn@oaic.gov.au,Female,38.9.188.123
2025,Tiertza,O' Neligan,toneliganpo@amazon.de,Female,42.42.7.131
2026,Rowena,Purshouse,rpurshousepp@unc.edu,Female,51.13.219.209
2027,Arleta,Bedder,abedderpq@liveinternet.ru,Female,163.219.47.45
2028,Koralle,Thoday,kthodaypr@twitpic.com,Female,168.80.107.161
2029,Rollo,Bispham,rbisphamps@clickbank.net,Male,121.37.254.50
2030,Ban,Muggeridge,bmuggeridgept@irs.gov,Male,92.192.113.237
2031,Elliot,Colebourn,ecolebournpu@tuttocitta.it,Male,254.212.89.175
2032,Ula,Rubel,urubelpv@foxnews.com,Female,245.59.24.126
2033,Kania,Josovich,kjosovichpw@toplist.cz,Female,7.144.48.108
2034,Wyatt,Gorham,wgorhampx@google.com.au,Male,84.124.115.219
2035,Frankie,Letterese,fletteresepy@google.ca,Male,137.212.189.162
2036,Chance,Stallard,cstallardpz@imdb.com,Male,215.2.37.103
2037,Kipper,Alloisi,kalloisiq0@java.com,Male,228.139.19.109
2038,Parke,Arniz,parnizq1@usa.gov,Male,16.251.172.55
2039,Jasper,Despenser,jdespenserq2@sina.com.cn,Male,69.96.122.225
2040,Keelia,Kidstone,kkidstoneq3@state.tx.us,Female,157.227.139.82
2041,Dasie,Acosta,dacostaq4@exblog.jp,Female,31.64.22.46
2042,Karilynn,How,khowq5@discuz.net,Female,28.234.20.158
2043,Maggy,Luscombe,mluscombeq6@reference.com,Genderqueer,149.81.154.125
2044,Clarette,Hughlock,chughlockq7@eepurl.com,Female,208.8.230.232
2045,Lucienne,Skamal,lskamalq8@vistaprint.com,Female,123.124.16.224
2046,Lelia,Delort,ldelortq9@a8.net,Female,26.73.18.31
2047,Dody,Aronowitz,daronowitzqa@amazon.co.uk,Female,97.212.51.9
2048,Powell,Gilfether,pgilfetherqb@mayoclinic.com,Male,132.152.55.166
2049,Corabel,Roscamp,croscampqc@howstuffworks.com,Agender,248.111.8.178
2050,Irwinn,Snailham,isnailhamqd@freewebs.com,Genderqueer,146.170.187.187
2051,Vivianne,Gellibrand,vgellibrandqe@youku.com,Female,58.228.20.15
2052,Obidiah,Todd,otoddqf@ucoz.com,Male,158.221.254.180
2053,Eula,Hannum,ehannumqg@reuters.com,Female,39.90.96.158
2054,Bab,Skeleton,bskeletonqh@slideshare.net,Female,93.243.90.239
2055,Jamie,Taunton,jtauntonqi@newyorker.com,Male,6.16.12.112
2056,Sterling,Airy,sairyqj@unc.edu,Male,200.167.68.21
2057,Lanny,Forbes,lforbesqk@bizjournals.com,Male,131.55.19.104
2058,Phillis,Priestnall,ppriestnallql@goo.ne.jp,Female,195.201.206.208
2059,Selene,Carlesso,scarlessoqm@omniture.com,Female,110.241.29.34
2060,Kasper,Gibbon,kgibbonqn@infoseek.co.jp,Male,245.146.178.187
2061,Hilary,Raleston,hralestonqo@devhub.com,Female,229.139.173.209
2062,Alika,Klyner,aklynerqp@mail.ru,Female,104.145.112.118
2063,Gun,Elcoate,gelcoateqq@amazonaws.com,Male,224.226.5.144
2064,Karolina,Robrose,krobroseqr@icio.us,Female,44.173.164.186
2065,Magnum,Etherson,methersonqs@51.la,Male,81.173.101.127
2066,Beniamino,Butland,bbutlandqt@elegantthemes.com,Male,28.55.86.115
2067,Christina,Soot,csootqu@sbwire.com,Female,23.100.192.213
2068,Kimberlyn,Lavery,klaveryqv@devhub.com,Female,84.148.213.91
2069,Hillie,Spatari,hspatariqw@histats.com,Non-binary,89.161.89.227
2070,Samantha,Jerrems,sjerremsqx@earthlink.net,Female,151.255.170.41
2071,Randie,Shrive,rshriveqy@mysql.com,Female,185.150.249.188
2072,Buckie,Mugglestone,bmugglestoneqz@adobe.com,Agender,150.139.142.219
2073,Valera,Bon,vbonr0@t.co,Polygender,143.145.203.96
2074,Killie,Andryushchenko,kandryushchenkor1@amazon.de,Male,136.166.212.172
2075,Jeanine,Dampney,jdampneyr2@lulu.com,Female,197.24.227.19
2076,Artie,Dicey,adiceyr3@smh.com.au,Male,70.129.85.196
2077,Kendricks,Shoveller,kshovellerr4@mozilla.org,Male,37.120.214.143
2078,Hedi,Gundrey,hgundreyr5@zimbio.com,Female,175.220.249.152
2079,Eben,Denisovich,edenisovichr6@shareasale.com,Male,222.204.49.56
2080,Melantha,Wray,mwrayr7@opensource.org,Bigender,240.147.30.109
2081,Estrella,Landells,elandellsr8@slate.com,Female,65.68.113.195
2082,Juliane,Domino,jdominor9@livejournal.com,Female,209.154.100.55
2083,Hephzibah,Pride,hpridera@admin.ch,Female,5.22.102.47
2084,Darda,Amiss,damissrb@ucoz.ru,Female,211.46.149.186
2085,Colene,Filisov,cfilisovrc@ucsd.edu,Female,165.247.37.4
2086,Bonni,Stoyles,bstoylesrd@alibaba.com,Female,120.13.223.76
2087,Jamey,Maides,jmaidesre@linkedin.com,Male,187.54.131.123
2088,Deerdre,Grissett,dgrissettrf@telegraph.co.uk,Female,228.247.7.140
2089,Brendin,Fronczak,bfronczakrg@tripadvisor.com,Male,250.80.194.62
2090,Sylvester,Lemar,slemarrh@mozilla.org,Male,170.174.31.244
2091,Liana,Hallows,lhallowsri@wisc.edu,Polygender,113.57.46.185
2092,Tanner,Winckle,twincklerj@youtu.be,Male,155.142.32.252
2093,Bonni,Milch,bmilchrk@goo.ne.jp,Female,143.17.18.95
2094,Annabel,Flageul,aflageulrl@paypal.com,Female,48.204.187.108
2095,Clareta,Milmore,cmilmorerm@xrea.com,Polygender,6.232.3.48
2096,Mortie,Bloxholm,mbloxholmrn@csmonitor.com,Non-binary,173.94.244.224
2097,Ivett,Backler,ibacklerro@msn.com,Female,5.81.221.196
2098,Cody,Capelow,ccapelowrp@issuu.com,Female,193.249.59.203
2099,Carolann,Ioannidis,cioannidisrq@diigo.com,Female,187.175.22.231
2100,Cross,Eastbrook,ceastbrookrr@bravesites.com,Male,34.164.228.112
