id,first_name,last_name,email,gender,ip_address
1001,Arturo,Beddis,abeddis0@cisco.com,Male,77.242.139.37
1002,Rochette,Bampton,rbampton1@jigsy.com,Female,39.16.67.165
1003,Angel,Witherow,awitherow2@list-manage.com,Female,252.117.86.217
1004,Clem,Sylvester,csylvester3@ehow.com,Agender,184.241.153.191
1005,Bria,Shewery,bshewery4@ibm.com,Female,84.110.149.19
1006,Shanie,Sparham,ssparham5@answers.com,Female,73.252.81.21
1007,Helena,Hubbucke,hhubbucke6@irs.gov,Female,2.11.211.237
1008,Mitchell,Layus,mlayus7@sciencedirect.com,Male,80.66.50.130
1009,Rockey,Pahl,rpahl8@businesswire.com,Male,153.165.64.235
1010,Debra,Daville,ddaville9@go.com,Female,209.47.128.123
1011,Carmencita,Mennell,cmennella@whitehouse.gov,Polygender,38.66.2.136
1012,Inglebert,Edney,iedneyb@cnn.com,Male,237.248.219.227
1013,Min,Bourhill,mbourhillc@woothemes.com,Female,48.113.209.134
1014,Jamesy,Wagnerin,jwagnerind@printfriendly.com,Male,128.93.27.232
1015,Kelbee,Rasch,krasche@wordpress.org,Male,9.229.217.205
1016,Renato,Gritten,rgrittenf@sakura.ne.jp,Male,49.26.133.101
1017,Alphard,Camis,acamisg@flavors.me,Genderfluid,50.55.115.209
1018,Chrystal,Swaile,cswaileh@yelp.com,Female,102.245.191.121
1019,Elene,Elsmore,eelsmorei@yellowbook.com,Female,240.97.223.184
1020,Rodrique,Obell,robellj@sina.com.cn,Male,142.216.58.164
1021,Roderic,Porker,rporkerk@mapquest.com,Male,198.184.182.229
1022,Meade,Mayte,mmaytel@tmall.com,Female,211.212.198.175
1023,Burty,Penritt,bpenrittm@wikimedia.org,Male,65.159.203.47
1024,Yancy,Lampl,ylampln@bing.com,Male,130.49.75.241
1025,Pincas,Gibbins,pgibbinso@illinois.edu,Male,239.187.215.127
1026,Malina,Northern,mnorthernp@dion.ne.jp,Genderfluid,145.67.202.16
1027,Marney,Gilbane,mgilbaneq@infoseek.co.jp,Genderqueer,217.159.29.46
1028,Alethea,Drewery,adreweryr@about.me,Female,146.106.0.6
1029,Onofredo,Pieroni,opieronis@surveymonkey.com,Male,252.49.39.224
1030,Chastity,Pailin,cpailint@oaic.gov.au,Genderfluid,144.43.130.151
1031,Milzie,Costelloe,mcostelloeu@theglobeandmail.com,Female,97.4.54.17
1032,Donavon,Luney,dluneyv@rakuten.co.jp,Male,162.244.83.100
1033,Abbie,Gullen,agullenw@adobe.com,Male,115.174.162.202
1034,Parker,Wingeatt,pwingeattx@rakuten.co.jp,Male,97.96.34.154
1035,Adora,Le Noire,alenoirey@washington.edu,Female,230.235.219.220
1036,Dyann,McGookin,dmcgookinz@alexa.com,Female,67.107.80.106
1037,Tybie,Tarney,ttarney10@mediafire.com,Female,31.201.62.135
1038,Denny,Frisch,dfrisch11@elegantthemes.com,Female,17.51.230.131
1039,Koressa,Peploe,kpeploe12@addthis.com,Female,123.155.12.43
1040,Zelda,Allsebrook,zallsebrook13@symantec.com,Female,132.217.233.179
1041,Kassia,Lazare,klazare14@yandex.ru,Female,67.131.101.165
1042,Giorgia,Paulon,gpaulon15@army.mil,Female,134.29.76.193
1043,Rosamond,Manning,rmanning16@people.com.cn,Female,166.134.109.231
1044,Clementina,Storcke,cstorcke17@gravatar.com,Female,35.228.177.32
1045,Randall,Darnborough,rdarnborough18@goodreads.com,Male,142.190.114.240
1046,Elysha,Ricco,ericco19@elegantthemes.com,Female,187.74.12.235
1047,Dimitri,Persich,dpersich1a@nifty.com,Male,212.84.145.139
1048,Chery,Hackelton,chackelton1b@istockphoto.com,Female,23.230.5.131
1049,Moyra,Seater,mseater1c@macromedia.com,Female,95.219.71.41
1050,Dav,Whitmarsh,dwhitmarsh1d@businesswire.com,Male,246.31.231.60
1051,Laughton,Thurlborn,lthurlborn1e@netvibes.com,Agender,176.131.89.134
1052,Rice,Beeswing,rbeeswing1f@bravesites.com,Male,113.30.208.135
1053,Aline,Chadwin,achadwin1g@biblegateway.com,Female,44.155.228.176
1054,Ichabod,Alonso,ialonso1h@boston.com,Male,157.39.202.219
1055,Dee dee,Boissieux,dboissieux1i@flickr.com,Female,191.67.3.63
1056,Arlina,Gibben,agibben1j@prlog.org,Bigender,122.191.49.49
1057,Marijn,Mathes,mmathes1k@delicious.com,Male,120.171.126.122
1058,Dorian,Kitlee,dkitlee1l@utexas.edu,Female,46.115.149.12
1059,Waring,Eddy,weddy1m@hc360.com,Male,93.34.104.123
1060,Carlin,Ales,cales1n@weather.com,Male,250.68.83.153
1061,Ora,Milburne,omilburne1o@jugem.jp,Female,62.92.78.181
1062,Frans,Grzegorzewicz,fgrzegorzewicz1p@elegantthemes.com,Male,104.231.250.222
1063,Colby,Quartermain,cquartermain1q@telegraph.co.uk,Male,89.151.145.186
1064,Hamlin,Heard,hheard1r@deliciousdays.com,Male,237.182.203.116
1065,Joey,Rudeyeard,jrudeyeard1s@php.net,Female,242.136.223.197
1066,Tadeas,Derwin,tderwin1t@edublogs.org,Male,153.236.239.0
1067,Orin,Cattow,ocattow1u@php.net,Male,208.8.87.245
1068,Roxane,Sitlinton,rsitlinton1v@trellian.com,Female,189.141.67.72
1069,Torrence,Grabeham,tgrabeham1w@desdev.cn,Male,219.50.197.205
1070,Base,Saby,bsaby1x@icio.us,Male,86.209.15.150
1071,Alikee,Tutton,atutton1y@indiegogo.com,Female,88.183.98.220
1072,Elita,Allday,eallday1z@google.es,Female,150.159.29.224
1073,Farand,O' Ronan,foronan20@yellowbook.com,Female,246.128.190.162
1074,Jocelyn,Freathy,jfreathy21@cmu.edu,Female,15.82.170.171
1075,Welby,Beardsall,wbeardsall22@ameblo.jp,Genderqueer,46.130.165.251
1076,Deni,O'Henehan,dohenehan23@bbb.org,Female,237.151.72.98
1077,Marlyn,Seville,mseville24@google.co.uk,Female,71.221.118.25
1078,Dugald,Krollmann,dkrollmann25@dagondesign.com,Male,132.100.38.19
1079,Fania,Ades,fades26@mashable.com,Female,81.157.73.46
1080,Swen,Oen,soen27@blogtalkradio.com,Male,142.104.32.116
1081,Brewster,Pennyman,bpennyman28@elpais.com,Male,208.41.90.51
1082,Robinet,Vigurs,rvigurs29@reverbnation.com,Male,154.117.159.205
1083,Lina,Leguay,lleguay2a@un.org,Female,42.185.47.196
1084,Murry,Beddall,mbeddall2b@hp.com,Male,21.83.206.166
1085,Tracie,Chatwin,tchatwin2c@pen.io,Female,240.95.163.177
1086,Mal,Pettett,mpettett2d@google.com.au,Male,47.9.190.5
1087,Hilton,Falkingham,hfalkingham2e@whitehouse.gov,Male,116.24.46.236
1088,Lyon,Barthram,lbarthram2f@mapquest.com,Male,211.244.112.106
1089,Tara,Chicchetto,tchicchetto2g@mit.edu,Female,109.20.40.200
1090,Sasha,Anster,sanster2h@live.com,Male,210.238.87.157
1091,Fidelia,Tiltman,ftiltman2i@github.io,Female,51.190.89.216
1092,Andy,Hempshall,ahempshall2j@cnet.com,Female,50.87.175.246
1093,Emily,Jeandel,ejeandel2k@booking.com,Female,196.38.157.144
1094,Bren,Dehmel,bdehmel2l@cbc.ca,Male,26.106.233.86
1095,Gale,Zylberdik,gzylberdik2m@spotify.com,Female,153.100.22.165
1096,Felipe,Dunderdale,fdunderdale2n@squarespace.com,Male,207.177.208.158
1097,Jeromy,Fensome,jfensome2o@dion.ne.jp,Male,63.116.166.75
1098,Jacquelyn,Hargess,jhargess2p@joomla.org,Female,7.107.222.157
1099,Cully,Raynton,craynton2q@sogou.com,Male,109.194.244.156
1100,Anallese,Parslow,aparslow2r@cbslocal.com,Bigender,231.153.145.105
1101,Egon,Tantrum,etantrum2s@e-recht24.de,Male,62.254.92.242
1102,Bram,Kleinholz,bkleinholz2t@google.co.jp,Male,123.176.209.247
1103,Roderic,Rycroft,rrycroft2u@lulu.com,Male,163.168.212.182
1104,Matt,Carnall,mcarnall2v@mlb.com,Male,165.26.218.100
1105,Petrina,Baddiley,pbaddiley2w@sakura.ne.jp,Female,18.139.45.168
1106,Serene,Jendrach,sjendrach2x@delicious.com,Non-binary,235.163.38.185
1107,Arte,Ritter,aritter2y@msu.edu,Bigender,135.119.159.232
1108,Virgina,Farndale,vfarndale2z@mediafire.com,Female,176.186.60.178
1109,Keane,Thirlwall,kthirlwall30@csmonitor.com,Male,29.9.66.250
1110,Nedi,Gilling,ngilling31@joomla.org,Polygender,118.21.49.234
1111,Constanta,Scholer,cscholer32@spiegel.de,Female,226.178.120.247
1112,Jerry,Lumsden,jlumsden33@jugem.jp,Male,36.219.83.101
1113,Romonda,Rumbold,rrumbold34@who.int,Female,1.74.246.21
1114,Babb,Josskoviz,bjosskoviz35@shop-pro.jp,Female,229.105.178.1
1115,Darelle,Piesing,dpiesing36@state.gov,Female,191.3.96.148
1116,Joyan,Durber,jdurber37@stumbleupon.com,Female,5.216.88.178
1117,Rob,Ridgley,rridgley38@miibeian.gov.cn,Polygender,170.221.188.10
1118,Arny,Ganley,aganley39@newsvine.com,Male,195.218.107.142
1119,Hoyt,Solesbury,hsolesbury3a@youtube.com,Male,52.76.173.218
1120,Susy,Blencoe,sblencoe3b@qq.com,Female,114.252.59.193
1121,Bobinette,Berni,bberni3c@simplemachines.org,Female,188.68.216.82
1122,Lalo,Janssen,ljanssen3d@desdev.cn,Male,204.70.84.11
1123,Shaylah,Roggerone,sroggerone3e@ox.ac.uk,Female,96.88.56.251
1124,Joyous,Dowears,jdowears3f@google.de,Female,93.74.143.241
1125,Kaitlin,Christofol,kchristofol3g@yelp.com,Female,126.59.196.72
1126,Marcia,Ditter,mditter3h@rambler.ru,Non-binary,12.18.246.13
1127,Jacinthe,Newton,jnewton3i@godaddy.com,Female,51.89.162.198
1128,Emmalee,Dallyn,edallyn3j@woothemes.com,Female,128.217.163.219
1129,Wallie,Garlett,wgarlett3k@princeton.edu,Female,34.115.152.29
1130,Ritchie,McVittie,rmcvittie3l@china.com.cn,Male,126.197.56.235
1131,Nicolis,Ghiriardelli,nghiriardelli3m@techcrunch.com,Male,8.99.248.204
1132,Ron,Trumble,rtrumble3n@lulu.com,Male,192.130.131.187
1133,Salomon,Paur,spaur3o@plala.or.jp,Male,118.222.152.124
1134,Francoise,Haverty,fhaverty3p@earthlink.net,Female,56.210.140.32
1135,Ddene,Kincey,dkincey3q@ox.ac.uk,Female,214.205.40.109
1136,Zulema,Bavage,zbavage3r@youku.com,Female,16.52.131.98
1137,Kelsy,Bayne,kbayne3s@booking.com,Female,254.151.254.163
1138,Tabby,Crutchfield,tcrutchfield3t@telegraph.co.uk,Female,161.66.48.211
1139,Lee,Dufaur,ldufaur3u@qq.com,Male,140.179.72.39
1140,Gabrila,Waszkiewicz,gwaszkiewicz3v@wix.com,Female,194.101.10.112
1141,Lorenza,Kille,lkille3w@histats.com,Genderqueer,252.55.43.21
1142,Chiarra,Penella,cpenella3x@google.es,Female,12.146.170.231
1143,Zane,Leachman,zleachman3y@telegraph.co.uk,Male,254.0.165.39
1144,Renelle,Maciunas,rmaciunas3z@tmall.com,Female,182.181.244.71
1145,Hamil,Swayton,hswayton40@exblog.jp,Male,254.28.109.240
1146,Walliw,Romei,wromei41@mlb.com,Female,41.15.202.47
1147,Reed,Whiff,rwhiff42@bing.com,Male,53.116.39.86
1148,Sherline,Halsho,shalsho43@home.pl,Female,72.120.131.20
1149,Hayden,Larkworthy,hlarkworthy44@samsung.com,Male,254.163.146.172
1150,Afton,Spere,aspere45@engadget.com,Female,48.48.42.96
1151,Stanton,Tabourel,stabourel46@dell.com,Male,101.130.124.117
1152,Wildon,Hancke,whancke47@google.com.hk,Male,78.122.254.1
1153,Lazarus,Enevold,lenevold48@posterous.com,Non-binary,29.23.86.227
1154,Worden,Collier,wcollier49@newyorker.com,Male,65.30.226.243
1155,Corliss,Farnhill,cfarnhill4a@wordpress.com,Female,33.184.208.152
1156,Benji,Eadie,beadie4b@wordpress.org,Male,133.39.255.126
1157,Turner,Ubsdell,tubsdell4c@rambler.ru,Male,192.148.6.180
1158,Stephanus,Wilbor,swilbor4d@dmoz.org,Male,117.97.239.44
1159,Cesaro,Elby,celby4e@studiopress.com,Male,34.219.114.209
1160,Querida,Reichardt,qreichardt4f@amazon.com,Female,221.161.57.3
1161,Eddy,Jickles,ejickles4g@meetup.com,Female,62.0.224.17
1162,Janeta,Hache,jhache4h@illinois.edu,Female,137.164.199.219
1163,Carly,Barnewell,cbarnewell4i@nasa.gov,Male,112.172.214.241
1164,Hercule,Brisson,hbrisson4j@cbc.ca,Genderqueer,40.153.120.89
1165,Gil,Bartot,gbartot4k@sciencedirect.com,Male,192.218.10.132
1166,Dierdre,Kittredge,dkittredge4l@plala.or.jp,Non-binary,207.229.207.51
1167,Christie,Scranny,cscranny4m@usda.gov,Male,114.45.209.113
1168,Kaitlynn,Morffew,kmorffew4n@uol.com.br,Female,167.150.212.88
1169,Jaye,Badwick,jbadwick4o@cisco.com,Genderfluid,222.212.219.109
1170,Bernadette,Neary,bneary4p@free.fr,Female,176.112.109.0
1171,Elsey,Upex,eupex4q@umich.edu,Female,1.253.148.121
1172,Happy,Toe,htoe4r@mit.edu,Female,30.149.83.210
1173,Jimmie,Rowdell,jrowdell4s@skype.com,Male,22.41.64.156
1174,Tammie,Pimlott,tpimlott4t@so-net.ne.jp,Agender,133.53.208.28
1175,Mindy,Shailer,mshailer4u@webs.com,Female,232.224.84.38
1176,Pauletta,Tizzard,ptizzard4v@gov.uk,Female,203.106.195.42
1177,Sterne,Daout,sdaout4w@engadget.com,Male,105.55.175.165
1178,Misti,Franchi,mfranchi4x@webnode.com,Female,129.57.51.5
1179,Georgina,MacPaik,gmacpaik4y@baidu.com,Female,197.203.34.153
1180,Reinhard,Taggert,rtaggert4z@hp.com,Bigender,45.7.11.124
1181,Andrei,West,awest50@unblog.fr,Polygender,129.220.93.237
1182,Prissie,Tommaseo,ptommaseo51@dell.com,Female,246.107.15.187
1183,Loni,Kiernan,lkiernan52@gnu.org,Female,16.227.71.211
1184,Ellwood,Cheltnam,echeltnam53@yelp.com,Male,194.249.102.255
1185,Kilian,Stringman,kstringman54@blog.com,Male,166.180.158.201
1186,Lisha,Braunlein,lbraunlein55@scribd.com,Female,187.181.24.175
1187,Charmain,Raddish,craddish56@deliciousdays.com,Female,26.131.253.249
1188,Inigo,Lundie,ilundie57@jimdo.com,Male,37.33.156.36
1189,Ana,Breton,abreton58@narod.ru,Female,130.246.71.25
1190,Stevena,Duplock,sduplock59@wisc.edu,Female,128.194.229.28
1191,Shoshana,Burstowe,sburstowe5a@skyrock.com,Female,185.92.85.136
1192,Sybilla,Lyles,slyles5b@uiuc.edu,Female,59.114.200.181
1193,Christyna,Volk,cvolk5c@quantcast.com,Female,16.102.142.139
1194,Krystle,Viegas,kviegas5d@webmd.com,Female,173.227.188.70
1195,Patricio,Rocca,procca5e@slashdot.org,Male,116.233.81.225
1196,Ben,Darrigrand,bdarrigrand5f@list-manage.com,Male,70.23.95.37
1197,Lita,Vakhrushin,lvakhrushin5g@list-manage.com,Female,181.3.172.38
1198,Holmes,Harborow,hharborow5h@ow.ly,Male,108.164.230.250
1199,Pail,Splaven,psplaven5i@parallels.com,Bigender,17.232.172.125
1200,Gib,Cutts,gcutts5j@sbwire.com,Male,177.217.111.202
1201,Audre,Naldrett,analdrett5k@surveymonkey.com,Female,12.111.198.200
1202,Janaya,Grim,jgrim5l@studiopress.com,Female,178.205.50.222
1203,Duncan,Beddall,dbeddall5m@purevolume.com,Male,170.198.99.8
1204,Tracey,Harries,tharries5n@gravatar.com,Male,44.107.26.57
1205,Fairfax,Challender,fchallender5o@yale.edu,Male,123.49.59.94
1206,Elsworth,Truitt,etruitt5p@sphinn.com,Male,184.178.63.132
1207,Asher,Normington,anormington5q@washington.edu,Male,183.36.3.235
1208,Brittan,Manilow,bmanilow5r@paypal.com,Female,178.222.74.207
1209,Curtis,Labat,clabat5s@un.org,Male,131.49.87.26
1210,Deirdre,Inderwick,dinderwick5t@wikia.com,Female,47.127.63.202
1211,Peggy,Cocksedge,pcocksedge5u@comcast.net,Female,178.170.5.76
1212,Nealon,Dailly,ndailly5v@istockphoto.com,Male,218.197.96.41
1213,Doralynne,Flintoffe,dflintoffe5w@apache.org,Female,45.111.110.122
1214,Susan,Gorling,sgorling5x@topsy.com,Polygender,79.156.39.86
1215,Ban,Bonar,bbonar5y@shutterfly.com,Male,178.59.116.84
1216,Sada,Tokell,stokell5z@example.com,Female,203.25.71.205
1217,Allyce,Edworthie,aedworthie60@icio.us,Female,86.120.45.125
1218,Aime,Dancey,adancey61@globo.com,Female,37.6.254.140
1219,Rad,Rulten,rrulten62@sbwire.com,Male,155.114.186.40
1220,Sheeree,Born,sborn63@hhs.gov,Female,85.12.115.2
1221,Ardyce,Grishkov,agrishkov64@technorati.com,Female,183.142.218.49
1222,Kaspar,Sephton,ksephton65@wisc.edu,Male,27.242.252.192
1223,Esdras,Takkos,etakkos66@yandex.ru,Male,170.107.76.9
1224,Emmanuel,Lathwell,elathwell67@nih.gov,Male,96.133.226.173
1225,Angy,Glisane,aglisane68@diigo.com,Agender,149.155.245.217
1226,Waite,Starkie,wstarkie69@google.co.uk,Male,66.21.72.11
1227,Sheila,Melladew,smelladew6a@themeforest.net,Female,193.45.229.172
1228,Marylin,Cranshaw,mcranshaw6b@smugmug.com,Genderqueer,146.135.196.48
1229,Mirabelle,Hubner,mhubner6c@newsvine.com,Female,205.216.138.160
1230,Ruby,Seagrove,rseagrove6d@networksolutions.com,Female,229.203.104.196
1231,Adrianna,Oxteby,aoxteby6e@blinklist.com,Female,15.142.14.56
1232,Matt,Pea,mpea6f@fotki.com,Male,63.252.246.194
1233,Niall,Pancoast,npancoast6g@bravesites.com,Male,135.200.179.18
1234,Luca,Beminster,lbeminster6h@bbb.org,Male,212.107.56.32
1235,Bengt,Natwick,bnatwick6i@dropbox.com,Male,100.73.7.150
1236,Berenice,Pettingall,bpettingall6j@typepad.com,Female,220.186.251.120
1237,Massimiliano,Filochov,mfilochov6k@wordpress.org,Male,70.112.108.178
1238,Trixy,Van Der Weedenburg,tvanderweedenburg6l@amazon.co.uk,Female,158.77.57.107
1239,Edmon,Craven,ecraven6m@mozilla.com,Male,94.5.111.130
1240,Xever,Dodgshon,xdodgshon6n@friendfeed.com,Male,96.133.2.209
1241,Mack,Gomer,mgomer6o@canalblog.com,Male,14.74.165.120
1242,Tobiah,Walkington,twalkington6p@miibeian.gov.cn,Male,219.74.144.174
1243,Guenna,Innes,ginnes6q@ask.com,Female,204.75.189.19
1244,Sheila-kathryn,Thal,sthal6r@networksolutions.com,Female,60.118.210.208
1245,Dario,Wishart,dwishart6s@yahoo.co.jp,Male,254.157.132.147
1246,Evangelina,Lighten,elighten6t@stumbleupon.com,Female,181.138.4.82
1247,Lowe,Wadsworth,lwadsworth6u@chron.com,Genderqueer,150.241.185.193
1248,Rozina,Collis,rcollis6v@wikimedia.org,Female,84.59.197.18
1249,Julian,Cluatt,jcluatt6w@dailymail.co.uk,Male,225.83.106.211
1250,Kala,Perrat,kperrat6x@list-manage.com,Female,253.56.37.67
1251,Alasdair,Merigeau,amerigeau6y@zimbio.com,Male,102.77.255.186
1252,Nola,Brislawn,nbrislawn6z@yelp.com,Female,16.91.175.55
1253,Dora,Rooke,drooke70@csmonitor.com,Female,144.232.89.59
1254,Dorise,Kolodziejski,dkolodziejski71@statcounter.com,Female,241.102.226.125
1255,Chrisy,Solon,csolon72@earthlink.net,Male,185.132.201.154
1256,Juanita,Newcom,jnewcom73@comsenz.com,Female,6.216.150.117
1257,Nanete,Suddell,nsuddell74@constantcontact.com,Female,148.244.174.95
1258,Giorgia,Purbrick,gpurbrick75@imdb.com,Female,242.17.92.188
1259,Rand,Hallwell,rhallwell76@blogtalkradio.com,Male,117.226.166.199
1260,Deina,Traite,dtraite77@alibaba.com,Female,3.177.223.189
1261,Merrielle,Dobbyn,mdobbyn78@histats.com,Female,107.35.180.244
1262,Paulita,Matyushkin,pmatyushkin79@acquirethisname.com,Female,131.246.67.10
1263,Gerik,Sutherel,gsutherel7a@si.edu,Male,154.247.30.179
1264,Philip,Pocke,ppocke7b@myspace.com,Male,75.63.201.239
1265,Lilian,Duffield,lduffield7c@aol.com,Bigender,151.228.129.209
1266,Amabel,Grinston,agrinston7d@qq.com,Female,188.13.183.96
1267,Maddy,Lorant,mlorant7e@jimdo.com,Male,227.57.23.51
1268,Lolita,Tremayle,ltremayle7f@bigcartel.com,Female,225.170.128.239
1269,Henri,Folbige,hfolbige7g@cargocollective.com,Male,63.248.178.109
1270,Crystal,Hurll,churll7h@ft.com,Female,171.80.253.156
1271,Kerri,Dumbreck,kdumbreck7i@google.it,Female,89.111.209.116
1272,Frederigo,Petroulis,fpetroulis7j@china.com.cn,Male,209.158.119.89
1273,Angele,Crepel,acrepel7k@uiuc.edu,Female,232.8.105.166
1274,Prent,Gully,pgully7l@si.edu,Male,31.204.193.206
1275,Agretha,Vanyakin,avanyakin7m@youtube.com,Female,29.11.164.116
1276,Nicki,Goodin,ngoodin7n@phpbb.com,Female,172.74.186.73
1277,Garek,Denizet,gdenizet7o@dmoz.org,Male,214.231.193.144
1278,Tommy,Berthon,tberthon7p@weibo.com,Male,178.151.234.189
1279,Dania,Menguy,dmenguy7q@yandex.ru,Female,63.93.185.181
1280,Claretta,Dunford,cdunford7r@cpanel.net,Female,53.205.220.73
1281,Cher,Jurgensen,cjurgensen7s@google.ca,Female,190.218.114.232
1282,Abie,Manthroppe,amanthroppe7t@ustream.tv,Male,81.245.24.157
1283,Cos,Sapir,csapir7u@huffingtonpost.com,Male,160.241.42.227
1284,Corbet,Brugger,cbrugger7v@smugmug.com,Male,33.124.26.46
1285,Nerta,Heap,nheap7w@hibu.com,Non-binary,169.17.96.15
1286,Lemmie,Kinneally,lkinneally7x@nba.com,Male,47.128.56.71
1287,Elmo,Vickers,evickers7y@printfriendly.com,Male,22.230.171.89
1288,Berne,Tilby,btilby7z@newsvine.com,Polygender,68.157.12.135
1289,Fay,Biles,fbiles80@cocolog-nifty.com,Genderqueer,127.165.98.25
1290,Delia,Decayette,ddecayette81@freewebs.com,Female,210.38.15.252
1291,Basil,Beringer,bberinger82@cargocollective.com,Male,10.15.44.196
1292,Hayes,Kleinbaum,hkleinbaum83@163.com,Male,29.175.139.190
1293,Jesus,Creevy,jcreevy84@facebook.com,Male,124.20.223.87
1294,Layne,Dragge,ldragge85@ted.com,Female,124.83.254.47
1295,Karee,Gwyn,kgwyn86@globo.com,Female,238.133.149.9
1296,Garald,Ragsdale,gragsdale87@statcounter.com,Male,16.141.81.0
1297,Marice,Brookhouse,mbrookhouse88@examiner.com,Female,115.47.22.31
1298,Odelia,Vassman,ovassman89@amazon.co.uk,Female,192.64.28.114
1299,Brandais,Whitford,bwhitford8a@weather.com,Female,54.244.154.168
1300,Robbert,Loyley,rloyley8b@1und1.de,Male,132.246.50.155
1301,Olive,Glyssanne,oglyssanne8c@fc2.com,Female,253.236.82.168
1302,Jonah,Van Brug,jvanbrug8d@youtube.com,Male,87.211.17.144
1303,Kiah,Harrinson,kharrinson8e@uiuc.edu,Female,4.157.252.99
1304,Wally,Skerm,wskerm8f@ehow.com,Male,250.139.179.60
1305,Kennan,Kibblewhite,kkibblewhite8g@technorati.com,Male,51.99.114.192
1306,Julie,Schlagtmans,jschlagtmans8h@stanford.edu,Male,39.88.76.13
1307,Jessie,Tonsley,jtonsley8i@t.co,Female,27.123.225.12
1308,Laird,Marcome,lmarcome8j@aol.com,Male,117.72.89.195
1309,Dru,Chater,dchater8k@epa.gov,Female,212.129.16.55
1310,Agnella,McCracken,amccracken8l@who.int,Female,29.71.94.167
1311,Iggy,Ashplant,iashplant8m@nifty.com,Male,188.64.230.254
1312,Bernardina,Rubes,brubes8n@goodreads.com,Female,254.20.88.230
1313,Gonzales,Bartczak,gbartczak8o@php.net,Male,79.69.161.82
1314,Tomlin,Pipping,tpipping8p@acquirethisname.com,Male,51.22.217.30
1315,Cornie,Oseland,coseland8q@bandcamp.com,Female,51.132.245.232
1316,Karyn,Sherer,ksherer8r@exblog.jp,Female,235.25.191.167
1317,Gerladina,Sirl,gsirl8s@ox.ac.uk,Female,95.177.106.106
1318,Hillery,Dellow,hdellow8t@symantec.com,Non-binary,229.131.158.238
1319,Dorothee,Gardiner,dgardiner8u@nba.com,Female,199.225.185.110
1320,Lief,Giacovetti,lgiacovetti8v@cam.ac.uk,Male,82.58.15.107
1321,Rodger,McFeat,rmcfeat8w@addtoany.com,Male,108.182.207.63
1322,Gertrud,Roderighi,groderighi8x@boston.com,Female,51.228.1.251
1323,Niki,Gamell,ngamell8y@irs.gov,Female,188.130.205.142
1324,Nanny,Curthoys,ncurthoys8z@webnode.com,Female,16.246.99.75
1325,Ed,Samuels,esamuels90@who.int,Male,204.10.28.31
1326,Creight,Kleis,ckleis91@hhs.gov,Male,206.77.176.19
1327,Lorianna,Powrie,lpowrie92@berkeley.edu,Female,240.166.50.49
1328,Robby,Duny,rduny93@github.com,Male,66.164.120.113
1329,Wilmar,Chastanet,wchastanet94@xrea.com,Male,162.83.124.248
1330,Shadow,Dumbare,sdumbare95@behance.net,Genderfluid,161.22.174.1
1331,Samaria,Tattershaw,stattershaw96@youtu.be,Female,183.55.158.202
1332,Derby,Manshaw,dmanshaw97@acquirethisname.com,Male,47.247.114.157
1333,Kliment,Ledgerton,kledgerton98@reference.com,Male,114.181.244.169
1334,Aura,Jean,ajean99@wired.com,Female,130.32.232.221
1335,Timi,Yushankin,tyushankin9a@nbcnews.com,Female,88.148.101.162
1336,Kary,Philpotts,kphilpotts9b@meetup.com,Genderqueer,52.66.6.105
1337,Jeffrey,Fishe,jfishe9c@chicagotribune.com,Male,73.100.87.217
1338,Ronica,Shulver,rshulver9d@bbb.org,Female,63.42.147.189
1339,Ericha,Shambroke,eshambroke9e@ihg.com,Female,65.41.202.210
1340,Rosalie,Fearneley,rfearneley9f@mac.com,Female,142.53.167.69
1341,Guillaume,Hambling,ghambling9g@odnoklassniki.ru,Male,250.252.151.217
1342,Maxie,d' Elboux,mdelboux9h@studiopress.com,Female,217.4.101.137
1343,Loydie,Kobiera,lkobiera9i@tumblr.com,Male,171.81.36.75
1344,Nikki,Pemble,npemble9j@skype.com,Female,0.12.214.140
1345,Veradis,Kelway,vkelway9k@washington.edu,Female,10.46.185.244
1346,Benton,Horribine,bhorribine9l@google.com.br,Male,29.116.188.30
1347,Valry,Boake,vboake9m@xrea.com,Female,57.39.150.233
1348,Vitia,Morratt,vmorratt9n@prlog.org,Genderqueer,109.62.222.186
1349,Kahaleel,Errey,kerrey9o@alexa.com,Male,17.207.159.136
1350,Emiline,Walch,ewalch9p@bravesites.com,Female,45.143.195.199
1351,Esdras,Lummasana,elummasana9q@ucoz.ru,Male,156.35.190.65
1352,Nealon,Kondratowicz,nkondratowicz9r@nasa.gov,Male,124.156.111.24
1353,Lissi,Downgate,ldowngate9s@123-reg.co.uk,Female,162.100.92.64
1354,Jewel,O'Sullivan,josullivan9t@unc.edu,Female,75.248.196.21
1355,Hy,Pymm,hpymm9u@ow.ly,Male,221.49.154.174
1356,Natty,Tacey,ntacey9v@wufoo.com,Female,69.30.100.250
1357,Agretha,Glaysher,aglaysher9w@tinyurl.com,Female,46.39.194.133
1358,Toiboid,Jurczak,tjurczak9x@friendfeed.com,Male,186.14.67.189
1359,Tedra,Chicken,tchicken9y@weather.com,Female,11.216.210.95
1360,Shelton,McManamon,smcmanamon9z@jigsy.com,Male,52.74.219.247
1361,Brett,Rosendale,brosendalea0@chron.com,Male,246.30.56.175
1362,Tonya,Greenlees,tgreenleesa1@weebly.com,Female,52.84.109.75
1363,Ekaterina,Ineson,einesona2@yellowbook.com,Female,22.112.39.214
1364,Urbano,Blackett,ublacketta3@google.es,Male,219.129.199.22
1365,Hugo,Sondland,hsondlanda4@furl.net,Male,179.146.159.158
1366,Hobard,Selley,hselleya5@ihg.com,Male,197.234.235.188
1367,Gaylor,Dedenham,gdedenhama6@nytimes.com,Male,82.202.217.41
1368,Daron,Clewett,dclewetta7@businesswire.com,Female,96.253.188.88
1369,Ingar,Schust,ischusta8@hibu.com,Male,48.236.107.202
1370,Rebekkah,Domenc,rdomenca9@npr.org,Female,92.75.51.109
1371,Patrizius,Heliet,phelietaa@t-online.de,Male,124.242.174.32
1372,Gawain,McGreil,gmcgreilab@mlb.com,Male,238.106.62.236
1373,Alexa,Trank,atrankac@cyberchimps.com,Female,170.76.46.130
1374,Tedi,Roderick,troderickad@techcrunch.com,Female,204.107.122.167
1375,Idaline,Scutter,iscutterae@theguardian.com,Female,185.145.254.13
1376,Sonia,Hucke,shuckeaf@live.com,Female,7.147.245.60
1377,Barbabas,Crosen,bcrosenag@theglobeandmail.com,Male,217.130.10.76
1378,Christopher,Pyer,cpyerah@sbwire.com,Male,167.68.229.94
1379,Uri,Bellino,ubellinoai@ifeng.com,Male,63.235.114.24
1380,Adena,Choupin,achoupinaj@vistaprint.com,Female,101.71.62.191
1381,Leroy,Bedell,lbedellak@webs.com,Male,100.170.13.215
1382,Farr,Larrosa,flarrosaal@kickstarter.com,Male,16.4.132.214
1383,Sella,Tarn,starnam@icio.us,Female,251.233.233.22
1384,Dud,Arblaster,darblasteran@dagondesign.com,Male,95.15.31.220
1385,Rosabelle,Grzegorek,rgrzegorekao@pbs.org,Female,111.88.73.65
1386,Kally,Antonomoli,kantonomoliap@narod.ru,Female,234.245.240.188
1387,Joelynn,Whitchurch,jwhitchurchaq@drupal.org,Non-binary,50.22.206.93
1388,Lynnelle,Ramelet,lrameletar@bizjournals.com,Female,109.0.75.95
1389,Angil,Tenant,atenantas@wikimedia.org,Female,86.193.14.108
1390,Ruggiero,Chellenham,rchellenhamat@example.com,Genderqueer,137.18.160.60
1391,Asher,Shawell,ashawellau@slideshare.net,Male,210.14.245.182
1392,Truman,Malshinger,tmalshingerav@ocn.ne.jp,Male,39.232.154.218
1393,Leela,Alentyev,lalentyevaw@phoca.cz,Female,20.27.113.124
1394,Mandel,Polotti,mpolottiax@foxnews.com,Male,39.218.182.155
1395,Heriberto,O'Corren,hocorrenay@va.gov,Male,87.132.99.63
1396,Laurie,McAree,lmcareeaz@prweb.com,Male,215.46.217.115
1397,Kevon,Edgcumbe,kedgcumbeb0@squarespace.com,Male,214.166.77.130
1398,Ario,Neylan,aneylanb1@geocities.com,Bigender,93.73.167.179
1399,Wendel,Gherardelli,wgherardellib2@nbcnews.com,Male,9.120.29.236
1400,Rowena,Jeavon,rjeavonb3@tripadvisor.com,Female,204.151.103.174
1401,Zonnya,Redit,zreditb4@webs.com,Female,197.211.132.19
1402,Tonie,Tunuy,ttunuyb5@tuttocitta.it,Female,79.186.38.200
1403,Ernst,Stukings,estukingsb6@pbs.org,Male,111.139.2.107
1404,Cassandre,Gaskin,cgaskinb7@unicef.org,Female,1.29.250.198
1405,Garey,Piechnik,gpiechnikb8@hexun.com,Non-binary,115.247.88.212
1406,Jack,Siman,jsimanb9@theglobeandmail.com,Male,242.159.92.97
1407,Bernadina,Dowsett,bdowsettba@edublogs.org,Female,83.204.193.145
1408,Miller,Sevior,mseviorbb@ibm.com,Male,131.255.66.70
1409,Gav,Poole,gpoolebc@ibm.com,Male,141.101.153.92
1410,Lane,Dollen,ldollenbd@ow.ly,Male,86.83.121.144
1411,Geri,Carlone,gcarlonebe@japanpost.jp,Male,22.148.103.222
1412,Ross,Rubenfeld,rrubenfeldbf@mapquest.com,Male,84.53.135.140
1413,Dniren,Espinola,despinolabg@cisco.com,Polygender,49.85.36.216
1414,Karlan,Petre,kpetrebh@youtu.be,Male,83.125.81.171
1415,Ilise,Blissitt,iblissittbi@comcast.net,Genderfluid,102.197.163.247
1416,Evyn,Grunwall,egrunwallbj@sitemeter.com,Male,180.150.125.141
1417,Gav,Pegg,gpeggbk@cnbc.com,Male,204.241.64.85
1418,Doralyn,Raisher,draisherbl@delicious.com,Bigender,240.76.3.161
1419,Alberto,Gillet,agilletbm@ucsd.edu,Male,195.111.98.46
1420,Millard,Vinten,mvintenbn@yellowbook.com,Male,210.203.252.251
1421,Isiahi,Placidi,iplacidibo@sun.com,Male,169.229.35.95
1422,Jeri,Pledge,jpledgebp@yolasite.com,Female,122.30.7.166
1423,Giulia,Ciccetti,gciccettibq@gov.uk,Female,194.165.33.8
1424,Mitch,Gimeno,mgimenobr@nbcnews.com,Male,212.18.58.15
1425,Ardith,Scoggin,ascogginbs@bloglovin.com,Female,85.64.12.186
1426,Nicolis,Elster,nelsterbt@nifty.com,Male,118.198.181.229
1427,Marris,Robbs,mrobbsbu@surveymonkey.com,Female,157.79.66.148
1428,Jacques,Osbourn,josbournbv@mayoclinic.com,Male,184.48.73.109
1429,Hyatt,Fourcade,hfourcadebw@webmd.com,Male,208.135.123.187
1430,Danice,Sibson,dsibsonbx@oaic.gov.au,Female,68.150.161.254
1431,Lacy,Kiggel,lkiggelby@livejournal.com,Female,245.85.208.199
1432,Dannel,Oxteby,doxtebybz@cmu.edu,Male,71.26.2.103
1433,Grange,Trodd,gtroddc0@columbia.edu,Male,180.136.215.178
1434,Chaddie,Tallyn,ctallync1@oakley.com,Male,87.57.147.11
1435,Tallulah,Mew,tmewc2@bloglovin.com,Female,83.69.29.220
1436,Sondra,Laxtonne,slaxtonnec3@mashable.com,Female,124.84.97.8
1437,Ara,Earles,aearlesc4@wikia.com,Agender,185.87.251.200
1438,Marguerite,Ledekker,mledekkerc5@pagesperso-orange.fr,Female,98.152.121.139
1439,Hiram,Preddle,hpreddlec6@g.co,Male,39.171.242.173
1440,Jackqueline,Capelow,jcapelowc7@theguardian.com,Female,72.33.71.153
1441,Fidela,Sedgeman,fsedgemanc8@rediff.com,Female,241.55.245.171
1442,Kinny,Figger,kfiggerc9@istockphoto.com,Male,118.116.227.133
1443,Netty,Cloy,ncloyca@deliciousdays.com,Female,162.143.29.154
1444,Davon,Meins,dmeinscb@de.vu,Male,6.11.208.172
1445,Rodd,Bernini,rberninicc@washingtonpost.com,Male,99.240.88.29
1446,Gonzalo,Bubbings,gbubbingscd@usgs.gov,Male,24.177.182.1
1447,Jade,Brand-Hardy,jbrandhardyce@mozilla.org,Female,83.95.72.30
1448,Mayne,Baylie,mbayliecf@google.cn,Male,204.130.143.0
1449,Nico,BURWIN,nburwincg@shop-pro.jp,Male,58.106.150.131
1450,Damita,Belding,dbeldingch@pen.io,Female,43.115.209.74
1451,Henrieta,Auld,hauldci@army.mil,Female,217.215.6.58
1452,Vick,Urlich,vurlichcj@weather.com,Male,64.56.189.206
1453,Gwennie,Suthren,gsuthrenck@printfriendly.com,Female,145.206.159.16
1454,Edlin,Haggish,ehaggishcl@vkontakte.ru,Male,52.69.188.164
1455,Bord,Platfoot,bplatfootcm@drupal.org,Male,195.118.236.116
1456,Denver,Sapwell,dsapwellcn@ebay.co.uk,Male,72.3.194.67
1457,Berkeley,Vinecombe,bvinecombeco@networksolutions.com,Male,32.69.131.9
1458,Alejoa,Bodd,aboddcp@linkedin.com,Male,15.2.136.83
1459,Nedi,Windram,nwindramcq@google.it,Female,46.239.142.163
1460,Yetta,Nisuis,ynisuiscr@spiegel.de,Female,199.52.101.225
1461,Wenona,Hartegan,whartegancs@aol.com,Genderqueer,66.160.70.156
1462,Tallia,Steel,tsteelct@cargocollective.com,Female,178.146.115.2
1463,Analise,Zannolli,azannollicu@networkadvertising.org,Female,83.64.190.218
1464,Percival,Hockell,phockellcv@cdc.gov,Genderqueer,100.30.141.12
1465,Stan,Grewar,sgrewarcw@altervista.org,Male,71.229.220.57
1466,Wesley,Cruxton,wcruxtoncx@shinystat.com,Bigender,148.57.48.113
1467,Angus,Blackadder,ablackaddercy@bluehost.com,Male,240.151.121.100
1468,Park,Weeden,pweedencz@smh.com.au,Male,89.194.150.116
1469,Craggy,Smalecombe,csmalecombed0@mtv.com,Male,0.220.221.115
1470,Marchelle,Rickell,mrickelld1@linkedin.com,Female,36.227.50.215
1471,Hayden,Gian,hgiand2@godaddy.com,Genderqueer,136.188.96.92
1472,Tamera,Hinckesman,thinckesmand3@huffingtonpost.com,Female,71.55.102.112
1473,Charlot,Hardson,chardsond4@storify.com,Female,101.50.235.183
1474,Floria,Mollatt,fmollattd5@cnbc.com,Female,243.64.17.100
1475,Wain,Lynam,wlynamd6@studiopress.com,Male,157.98.201.218
1476,Howie,Bonsey,hbonseyd7@163.com,Male,254.189.168.136
1477,Salli,Barnshaw,sbarnshawd8@webeden.co.uk,Female,38.251.224.53
1478,Case,Trayford,ctrayfordd9@epa.gov,Male,242.4.50.4
1479,Cassius,Crinidge,ccrinidgeda@wix.com,Male,254.96.113.138
1480,Patricia,Newns,pnewnsdb@mozilla.com,Female,139.43.198.26
1481,Ludovico,Kimmerling,lkimmerlingdc@nasa.gov,Male,231.110.96.190
1482,Lyndell,McGahey,lmcgaheydd@earthlink.net,Female,102.92.221.156
1483,Nanny,Blind,nblindde@cisco.com,Female,227.152.69.246
1484,Christalle,McGirr,cmcgirrdf@youtube.com,Female,197.12.30.97
1485,Aeriela,Cassedy,acassedydg@noaa.gov,Female,206.220.69.212
1486,Teressa,Plank,tplankdh@smugmug.com,Female,161.166.108.215
1487,Harry,Lambole,hlamboledi@dion.ne.jp,Male,3.32.228.18
1488,Sara-ann,Glas,sglasdj@wsj.com,Female,244.79.100.8
1489,Hersh,Mebs,hmebsdk@about.me,Agender,48.122.156.31
1490,Rowe,Furnell,rfurnelldl@youku.com,Female,237.94.202.184
1491,Corty,Whitehorne,cwhitehornedm@furl.net,Male,97.96.123.177
1492,Bili,Guyon,bguyondn@nydailynews.com,Female,75.246.47.216
1493,Rurik,Eagle,reagledo@tamu.edu,Male,183.17.81.48
1494,Barn,Nosworthy,bnosworthydp@ucoz.com,Male,119.61.78.106
1495,Hannie,Demke,hdemkedq@noaa.gov,Female,240.75.239.227
1496,Pammy,Elderfield,pelderfielddr@goo.ne.jp,Genderqueer,15.98.10.213
1497,Sanford,Arnell,sarnellds@hugedomains.com,Polygender,70.235.238.172
1498,Nollie,Malsher,nmalsherdt@ucsd.edu,Male,99.13.238.107
1499,Raddy,Syce,rsycedu@flavors.me,Male,205.77.245.123
1500,Neils,Rannald,nrannalddv@wiley.com,Male,36.71.32.64
1501,Hermina,Farrer,hfarrerdw@sogou.com,Female,199.198.147.17
1502,Freeman,Swett,fswettdx@domainmarket.com,Male,202.116.236.222
1503,Tandy,Dowsing,tdowsingdy@wordpress.org,Agender,119.175.201.77
1504,Shelly,Tyrie,styriedz@icio.us,Female,68.99.250.232
1505,Yankee,Weatherley,yweatherleye0@blogspot.com,Genderqueer,41.19.103.67
1506,Arlette,Dyet,adyete1@reuters.com,Female,135.24.115.153
1507,Lynette,Oherlihy,loherlihye2@xrea.com,Female,153.93.159.238
1508,Euphemia,Dacres,edacrese3@apple.com,Female,148.253.90.77
1509,Carmon,Stockin,cstockine4@ca.gov,Female,93.16.253.149
1510,Shaylyn,Yanyshev,syanysheve5@epa.gov,Female,60.139.124.242
1511,Hunt,Mobbs,hmobbse6@moonfruit.com,Male,83.17.100.202
1512,Kennedy,Pettifer,kpettifere7@columbia.edu,Male,61.0.175.205
1513,Hamlen,Ricket,hrickete8@paginegialle.it,Male,231.66.187.50
1514,Nelson,Nassi,nnassie9@theglobeandmail.com,Male,214.160.208.165
1515,Susana,Ximenez,sximenezea@jiathis.com,Female,163.49.210.175
1516,Perry,Wison,pwisoneb@bandcamp.com,Male,138.199.14.103
1517,Estrella,Aubrey,eaubreyec@instagram.com,Female,245.135.249.42
1518,Fitzgerald,Marl,fmarled@fc2.com,Male,134.103.11.167
1519,Jaclin,Bradfield,jbradfieldee@wordpress.org,Female,114.182.105.127
1520,Heidi,Ordish,hordishef@soup.io,Female,207.74.181.111
1521,Editha,Mannakee,emannakeeeg@squidoo.com,Female,218.122.211.203
1522,Binny,Ericssen,bericsseneh@soundcloud.com,Female,117.123.111.88
1523,Maureene,Fern,mfernei@histats.com,Female,105.174.160.86
1524,Sheela,Vaisey,svaiseyej@wikipedia.org,Female,7.185.230.12
1525,Meredeth,Nevill,mnevillek@about.com,Male,206.129.107.93
1526,Karel,Gundry,kgundryel@guardian.co.uk,Male,143.81.34.35
1527,Burgess,Zorn,bzornem@wix.com,Male,163.73.209.64
1528,Millicent,Billings,mbillingsen@parallels.com,Female,145.113.253.16
1529,Vic,Zecchetti,vzecchettieo@smugmug.com,Male,44.109.131.113
1530,Rusty,Clothier,rclothierep@opera.com,Male,67.150.123.35
1531,Anni,Reolfo,areolfoeq@phoca.cz,Female,218.171.130.101
1532,Ricard,Jardine,rjardineer@netlog.com,Male,38.3.16.199
1533,Harbert,Sherborn,hsherbornes@stumbleupon.com,Genderfluid,103.191.62.147
1534,Olav,Sheach,osheachet@slashdot.org,Male,8.93.17.235
1535,Gar,Aylward,gaylwardeu@webmd.com,Male,110.207.192.22
1536,Esra,Gorner,egornerev@dyndns.org,Male,179.236.251.58
1537,Penrod,McCullum,pmccullumew@netscape.com,Male,42.228.88.55
1538,Krystal,Belton,kbeltonex@hhs.gov,Female,41.71.178.86
1539,Tedmund,Derrick,tderrickey@digg.com,Male,168.37.202.103
1540,Rudolfo,Hamfleet,rhamfleetez@springer.com,Male,251.208.80.181
1541,Malcolm,Kingerby,mkingerbyf0@ezinearticles.com,Male,187.56.205.253
1542,Mikkel,Clowser,mclowserf1@woothemes.com,Male,23.93.211.213
1543,Dione,Lehrle,dlehrlef2@go.com,Female,127.225.45.95
1544,Evyn,Inglish,einglishf3@netlog.com,Male,245.94.64.107
1545,Izak,Canizares,icanizaresf4@a8.net,Male,115.7.179.101
1546,Fredrika,Rawkesby,frawkesbyf5@unicef.org,Female,194.3.203.77
1547,Belicia,Collaton,bcollatonf6@topsy.com,Female,150.35.215.182
1548,Althea,Kenward,akenwardf7@qq.com,Female,208.61.55.31
1549,Isidore,Ilive,iilivef8@bloglovin.com,Male,250.20.69.136
1550,Jonathon,Onions,jonionsf9@cloudflare.com,Male,121.72.161.48
1551,Stacie,Moreno,smorenofa@answers.com,Genderqueer,206.103.162.41
1552,Toddy,Halliberton,thallibertonfb@google.es,Male,146.100.233.230
1553,Trever,Dossett,tdossettfc@answers.com,Male,232.28.68.159
1554,Tessa,Grindall,tgrindallfd@virginia.edu,Female,117.5.119.200
1555,Lonnie,Loan,lloanfe@harvard.edu,Male,78.105.223.155
1556,Gibbie,Goulder,ggoulderff@sohu.com,Male,198.53.50.224
1557,Gav,Cherrison,gcherrisonfg@drupal.org,Male,144.188.106.176
1558,Rozina,Iles,rilesfh@google.fr,Female,193.237.255.25
1559,Esmeralda,Scarlet,escarletfi@foxnews.com,Female,54.246.214.249
1560,Celestina,Winscomb,cwinscombfj@cnet.com,Female,221.93.62.163
1561,Florrie,Benning,fbenningfk@census.gov,Female,81.32.43.199
1562,Ricky,Kilborn,rkilbornfl@fc2.com,Male,54.152.232.51
1563,Nona,Torritti,ntorrittifm@w3.org,Female,139.203.169.222
1564,Dore,Bridger,dbridgerfn@cdbaby.com,Female,134.45.250.240
1565,Graeme,Aleswell,galeswellfo@fotki.com,Genderfluid,73.100.73.71
1566,Adriana,Peasey,apeaseyfp@auda.org.au,Polygender,204.233.166.74
1567,Stace,Wallice,swallicefq@ihg.com,Female,51.27.86.0
1568,Olia,Scamadin,oscamadinfr@dailymail.co.uk,Female,54.180.203.162
1569,Arabele,Oak,aoakfs@google.nl,Female,217.119.42.103
1570,Grethel,Ternault,gternaultft@oaic.gov.au,Female,154.100.139.140
1571,Bea,Kernock,bkernockfu@dell.com,Female,84.112.212.66
1572,Jeri,Franks,jfranksfv@alexa.com,Female,56.4.171.110
1573,Danette,Morilla,dmorillafw@hhs.gov,Female,82.170.93.128
1574,Dennie,Prattin,dprattinfx@businesswire.com,Female,24.168.39.191
1575,Boyce,Boniface,bbonifacefy@cyberchimps.com,Male,182.137.182.44
1576,Vance,Palfree,vpalfreefz@un.org,Male,193.36.28.127
1577,Kayley,Kittle,kkittleg0@t.co,Female,45.201.15.203
1578,Pearce,Bestwerthick,pbestwerthickg1@vk.com,Male,186.235.190.94
1579,Gorden,Semon,gsemong2@over-blog.com,Male,49.225.166.51
1580,Cullin,Trippick,ctrippickg3@naver.com,Male,175.210.23.152
1581,Clarita,Piccop,cpiccopg4@soundcloud.com,Female,32.65.233.45
1582,Agatha,Elsmore,aelsmoreg5@elegantthemes.com,Non-binary,218.238.65.207
1583,Delmore,Ainsbury,dainsburyg6@is.gd,Non-binary,144.227.40.174
1584,Ely,Rowlin,erowling7@phoca.cz,Male,213.224.249.58
1585,Mitzi,Vaudre,mvaudreg8@goo.gl,Polygender,205.84.121.188
1586,Delphinia,Payle,dpayleg9@soup.io,Female,157.136.135.10
1587,Katrinka,O'Sherrin,kosherringa@ca.gov,Female,36.20.71.248
1588,Kristofer,Tiffin,ktiffingb@google.co.jp,Male,161.101.47.78
1589,Minetta,Lightoller,mlightollergc@google.com,Female,151.72.224.230
1590,Shae,Serjeant,sserjeantgd@imgur.com,Male,20.152.156.217
1591,Crysta,Rolfi,crolfige@yandex.ru,Female,99.86.185.193
1592,Tiffani,Dalinder,tdalindergf@shop-pro.jp,Female,138.199.218.105
1593,Alphonse,Plail,aplailgg@jiathis.com,Male,250.192.44.179
1594,Briney,Uwins,buwinsgh@cbsnews.com,Female,173.236.94.196
1595,Giustina,Fontin,gfontingi@elpais.com,Female,124.90.83.170
1596,Flora,Waliszewski,fwaliszewskigj@globo.com,Female,220.228.218.21
1597,Reidar,Peakman,rpeakmangk@hhs.gov,Male,25.249.103.193
1598,Rosamund,Yancey,ryanceygl@census.gov,Female,67.167.230.147
1599,Cyrill,Wankel,cwankelgm@google.es,Male,35.46.122.69
1600,Celine,Abyss,cabyssgn@chronoengine.com,Female,183.174.195.227
1601,Patin,O'Spillane,pospillanego@dmoz.org,Male,95.33.52.153
1602,Bethany,Hubbock,bhubbockgp@discovery.com,Genderfluid,179.53.169.76
1603,Bordy,Demer,bdemergq@deviantart.com,Male,149.168.89.180
1604,Loreen,Kitchaside,lkitchasidegr@exblog.jp,Female,227.66.240.174
1605,Berte,Rance,brancegs@yolasite.com,Female,42.224.25.161
1606,Rolando,Aleevy,raleevygt@behance.net,Male,130.189.185.192
1607,Earlie,Buckam,ebuckamgu@weibo.com,Male,146.38.136.133
1608,Tabby,Benit,tbenitgv@blinklist.com,Male,136.204.99.83
1609,Ado,Green,agreengw@1und1.de,Male,28.138.143.90
1610,Garner,Morrid,gmorridgx@irs.gov,Male,193.118.154.60
1611,Annabella,Beston,abestongy@icq.com,Female,136.71.243.146
1612,Egon,McLuckie,emcluckiegz@toplist.cz,Male,53.5.200.238
1613,Maryrose,Giroldi,mgiroldih0@reddit.com,Female,137.154.24.34
1614,Nevsa,Rubinchik,nrubinchikh1@marriott.com,Female,180.237.222.26
1615,Frederigo,Barrat,fbarrath2@narod.ru,Male,29.11.172.70
1616,Ben,Jardin,bjardinh3@cbc.ca,Male,108.116.97.249
1617,Sadie,Bawden,sbawdenh4@exblog.jp,Female,37.145.172.81
1618,Tony,D'Ambrosio,tdambrosioh5@cbsnews.com,Male,229.235.104.140
1619,Edee,Kirsz,ekirszh6@guardian.co.uk,Female,126.160.143.245
1620,Jilleen,Shelvey,jshelveyh7@chron.com,Female,18.198.202.221
1621,Tybalt,Millmoe,tmillmoeh8@cornell.edu,Male,77.49.56.145
1622,Emily,Spinello,espinelloh9@elpais.com,Female,214.109.138.138
1623,Elvis,Toffalo,etoffaloha@acquirethisname.com,Male,203.51.19.160
1624,Sawyer,Hydes,shydeshb@fc2.com,Male,81.81.235.139
1625,Querida,Henighan,qhenighanhc@adobe.com,Female,195.46.77.99
1626,Chadd,Millgate,cmillgatehd@xing.com,Male,8.240.162.221
1627,Rockie,Kimberly,rkimberlyhe@ebay.com,Male,102.35.6.1
1628,Lorrie,Peachey,lpeacheyhf@weibo.com,Male,240.159.36.230
1629,Lennard,Hutchinson,lhutchinsonhg@latimes.com,Male,95.224.14.115
1630,Vic,Paoli,vpaolihh@quantcast.com,Male,236.154.0.114
1631,Iago,Chastagnier,ichastagnierhi@meetup.com,Male,214.126.51.70
1632,Giustino,Curee,gcureehj@about.me,Male,206.230.243.233
1633,Essy,Lippiello,elippiellohk@amazon.de,Female,214.160.23.230
1634,Hobart,Ahern,hahernhl@oakley.com,Male,191.32.185.81
1635,Julio,Torricella,jtorricellahm@ft.com,Male,122.53.48.161
1636,Vic,Olfert,volferthn@ed.gov,Male,163.61.113.88
1637,Westleigh,Eastam,weastamho@washington.edu,Male,117.143.244.223
1638,Gayla,Arrowsmith,garrowsmithhp@de.vu,Female,211.216.6.114
1639,Stella,Myrkus,smyrkushq@scribd.com,Female,178.150.60.23
1640,Lynnell,Wasielewski,lwasielewskihr@tumblr.com,Female,45.196.167.73
1641,Clive,Slaten,cslatenhs@clickbank.net,Male,56.79.17.217
1642,Lin,Aizikovich,laizikovichht@icio.us,Male,25.77.187.17
1643,Appolonia,Tribell,atribellhu@usnews.com,Female,142.88.133.166
1644,Kathleen,Radage,kradagehv@toplist.cz,Female,205.122.44.18
1645,Rhoda,Form,rformhw@nifty.com,Female,146.239.76.112
1646,Sidoney,Haukey,shaukeyhx@lulu.com,Female,233.58.175.61
1647,Amalle,Gething,agethinghy@cdc.gov,Bigender,44.100.56.181
1648,Harland,Brosio,hbrosiohz@goodreads.com,Male,221.97.104.62
1649,Julio,Nare,jnarei0@de.vu,Male,244.150.60.142
1650,Fielding,Maccrae,fmaccraei1@vk.com,Male,121.162.114.137
1651,Catina,Casina,ccasinai2@blogger.com,Female,247.10.106.9
1652,Elianora,Delgardo,edelgardoi3@ow.ly,Female,71.206.65.168
1653,Brandon,Saunders,bsaundersi4@shinystat.com,Male,70.83.174.173
1654,Eldridge,Brigstock,ebrigstocki5@wunderground.com,Male,115.157.79.218
1655,Andreana,Eyrl,aeyrli6@hugedomains.com,Female,3.114.126.215
1656,Alejandro,Shrieve,ashrievei7@yahoo.com,Genderqueer,208.206.15.242
1657,Aldridge,Grabham,agrabhami8@disqus.com,Genderfluid,136.31.183.194
1658,Eduardo,Spanswick,espanswicki9@princeton.edu,Male,138.180.185.134
1659,Hugo,Andrini,handriniia@infoseek.co.jp,Male,55.42.77.77
1660,Alfonso,Upcott,aupcottib@cnbc.com,Male,181.99.190.97
1661,Hakim,Rasher,hrasheric@flavors.me,Male,197.155.183.242
1662,Shane,Ullett,sullettid@squarespace.com,Female,129.246.73.75
1663,Waylen,McAne,wmcaneie@ucsd.edu,Male,45.52.208.13
1664,Laurel,Rosentholer,lrosentholerif@google.es,Female,185.170.137.54
1665,Bronny,Growden,bgrowdenig@github.com,Male,69.13.82.28
1666,Korrie,Brigg,kbriggih@blogtalkradio.com,Female,187.129.109.99
1667,Lenee,Chesshyre,lchesshyreii@nhs.uk,Female,150.157.114.101
1668,Dido,Andrzejak,dandrzejakij@t.co,Female,11.107.75.55
1669,Codi,Larvent,clarventik@addthis.com,Male,66.112.45.144
1670,Adelaida,Bohje,abohjeil@va.gov,Female,111.138.100.234
1671,Jess,Boanas,jboanasim@altervista.org,Male,216.84.31.233
1672,Dyanna,MacKenney,dmackenneyin@sphinn.com,Female,244.43.225.130
1673,Aguie,Phripp,aphrippio@un.org,Male,93.74.144.103
1674,Fraze,Marjoribanks,fmarjoribanksip@free.fr,Male,172.132.164.204
1675,Kay,Werlock,kwerlockiq@wix.com,Female,150.44.114.115
1676,Midge,McCrackan,mmccrackanir@imgur.com,Female,123.100.137.144
1677,Harlene,Kenshole,hkensholeis@psu.edu,Female,236.130.203.36
1678,Jasmin,Ventris,jventrisit@boston.com,Female,128.65.186.220
1679,Layton,Simoneton,lsimonetoniu@cpanel.net,Male,228.65.62.181
1680,Miriam,Gluyus,mgluyusiv@nymag.com,Polygender,22.12.30.197
1681,Wilbur,Sedgwick,wsedgwickiw@yellowpages.com,Male,253.86.173.189
1682,Pauli,Souness,psounessix@weather.com,Female,81.230.175.186
1683,Collete,Merredy,cmerredyiy@youtube.com,Female,93.23.232.39
1684,Guido,Tuiller,gtuilleriz@nasa.gov,Male,111.6.210.62
1685,Rhys,Cohrs,rcohrsj0@sun.com,Male,85.35.154.141
1686,Tybie,Winyard,twinyardj1@deviantart.com,Female,208.255.29.93
1687,Jedediah,Paulou,jpaulouj2@upenn.edu,Male,145.111.82.150
1688,Maxim,Wenderott,mwenderottj3@biblegateway.com,Male,1.218.194.65
1689,Dietrich,Kissell,dkissellj4@independent.co.uk,Male,123.59.200.93
1690,Freda,Taylour,ftaylourj5@japanpost.jp,Female,139.47.244.141
1691,Devin,Piell,dpiellj6@weebly.com,Male,74.181.11.200
1692,Durante,Illwell,dillwellj7@facebook.com,Male,142.60.121.143
1693,Aurlie,Trenaman,atrenamanj8@amazonaws.com,Female,21.11.100.38
1694,Foss,Saltsberg,fsaltsbergj9@networkadvertising.org,Male,56.32.152.97
1695,Lina,Blain,lblainja@jigsy.com,Female,17.242.65.208
1696,Bernelle,Kenwin,bkenwinjb@opensource.org,Female,215.143.179.165
1697,Jen,Birdwhistell,jbirdwhistelljc@chron.com,Genderqueer,95.165.83.33
1698,Ellwood,Jerrams,ejerramsjd@soup.io,Male,48.64.200.145
1699,Doralin,Woffenden,dwoffendenje@furl.net,Female,243.155.189.41
1700,Elyse,Grierson,egriersonjf@joomla.org,Female,52.57.98.110
1701,Hartley,Elsmore,helsmorejg@ed.gov,Male,62.24.55.70
1702,Sianna,Curner,scurnerjh@surveymonkey.com,Female,5.79.126.119
1703,Jimmie,Blanchette,jblanchetteji@alibaba.com,Male,77.123.117.207
1704,Jenni,Kentwell,jkentwelljj@spiegel.de,Female,28.129.2.23
1705,Cristionna,Rowthorne,crowthornejk@bigcartel.com,Female,180.86.238.206
1706,Anne-marie,Phebee,aphebeejl@si.edu,Female,244.28.1.112
1707,Kesley,Greschke,kgreschkejm@bizjournals.com,Female,40.123.27.33
1708,Otis,Benner,obennerjn@amazon.co.jp,Male,238.51.122.187
1709,Sophia,McKeney,smckeneyjo@newsvine.com,Female,189.70.191.250
1710,Darwin,Dwight,ddwightjp@vistaprint.com,Male,71.73.83.84
1711,Lev,Severns,lsevernsjq@phoca.cz,Male,142.236.233.224
1712,Hanny,Deaton,hdeatonjr@wikispaces.com,Female,10.104.71.46
1713,Margaux,Blacklock,mblacklockjs@google.es,Female,88.221.133.59
1714,Kendra,Marlor,kmarlorjt@samsung.com,Female,173.182.62.239
1715,Emmalynne,Howler,ehowlerju@blogspot.com,Female,69.12.241.171
1716,Boycie,Hursthouse,bhursthousejv@moonfruit.com,Male,130.32.199.63
1717,Shelley,Tiddy,stiddyjw@princeton.edu,Male,23.31.37.196
1718,Flossy,Blankman,fblankmanjx@etsy.com,Female,90.111.193.78
1719,Brandy,Blowick,bblowickjy@list-manage.com,Male,140.216.52.129
1720,Craig,Harkness,charknessjz@barnesandnoble.com,Male,140.151.53.251
1721,Jonathon,Ridhole,jridholek0@yahoo.co.jp,Male,39.159.193.76
1722,Ryann,Biskupski,rbiskupskik1@biglobe.ne.jp,Female,233.105.182.72
1723,Lanna,Leopard,lleopardk2@youku.com,Female,13.156.75.144
1724,Clovis,Yule,cyulek3@eventbrite.com,Female,201.193.134.94
1725,Stevana,Swainson,sswainsonk4@taobao.com,Female,239.238.46.159
1726,Vinny,Blabie,vblabiek5@opera.com,Non-binary,132.28.176.27
1727,Beryle,Petrashkov,bpetrashkovk6@netlog.com,Female,84.218.111.174
1728,Clarisse,Rosenberg,crosenbergk7@blogspot.com,Female,117.39.50.129
1729,Buck,Melchior,bmelchiork8@google.com.hk,Male,170.57.125.215
1730,Morty,Cockton,mcocktonk9@ft.com,Polygender,131.44.172.81
1731,Cherye,Allmen,callmenka@wikipedia.org,Female,14.231.250.173
1732,Sigismund,Romney,sromneykb@cdc.gov,Male,231.208.18.43
1733,Cassandry,Tatersale,ctatersalekc@nyu.edu,Female,254.217.85.101
1734,Delphinia,Bowle,dbowlekd@imgur.com,Female,69.16.100.72
1735,Abran,Peffer,apefferke@sciencedaily.com,Male,190.199.132.110
1736,Shandie,Wurst,swurstkf@utexas.edu,Female,171.93.97.227
1737,Inger,Cock,icockkg@wsj.com,Male,99.221.240.213
1738,Nick,Crates,ncrateskh@answers.com,Male,72.167.68.216
1739,Susette,McPhaden,smcphadenki@elegantthemes.com,Female,215.182.59.37
1740,Jethro,Breawood,jbreawoodkj@google.cn,Male,135.173.219.94
1741,Octavia,Hassewell,ohassewellkk@state.tx.us,Genderqueer,132.174.194.155
1742,Maxi,Parker,mparkerkl@ocn.ne.jp,Genderqueer,174.240.110.200
1743,Nelson,Auchterlony,nauchterlonykm@e-recht24.de,Male,63.27.74.0
1744,Isaac,Greenmon,igreenmonkn@google.nl,Male,158.223.39.131
1745,Ana,Bertlin,abertlinko@sogou.com,Non-binary,80.200.145.126
1746,Wynne,Raylton,wrayltonkp@bloomberg.com,Female,177.32.87.197
1747,Gregorius,McGraw,gmcgrawkq@google.com,Male,202.43.144.236
1748,Jeramie,Drescher,jdrescherkr@xing.com,Male,59.147.114.82
1749,Timoteo,Pease,tpeaseks@purevolume.com,Agender,249.152.0.104
1750,Dorry,Aloigi,daloigikt@netvibes.com,Female,140.203.114.232
1751,Milka,Blackbourn,mblackbournku@nyu.edu,Female,118.181.156.201
1752,Selina,McAtamney,smcatamneykv@ebay.com,Female,8.165.239.226
1753,Farrell,Hulbert,fhulbertkw@irs.gov,Male,225.95.215.252
1754,Ingar,Toynbee,itoynbeekx@apple.com,Male,181.87.159.145
1755,Doyle,Jenking,djenkingky@4shared.com,Male,234.224.98.151
1756,Ambros,Flancinbaum,aflancinbaumkz@xrea.com,Male,222.198.96.31
1757,Robb,Matussow,rmatussowl0@desdev.cn,Male,84.254.55.135
1758,Dud,Piccop,dpiccopl1@theatlantic.com,Male,245.24.79.239
1759,Celle,Maleney,cmaleneyl2@gov.uk,Female,63.134.121.254
1760,Pearl,Fergusson,pfergussonl3@jalbum.net,Female,191.163.239.97
1761,Steve,Twigger,stwiggerl4@usda.gov,Male,49.55.125.44
1762,Marlowe,Annett,mannettl5@phpbb.com,Male,74.191.60.206
1763,Rafaela,Peizer,rpeizerl6@mac.com,Polygender,100.222.76.187
1764,Gil,Beaument,gbeaumentl7@exblog.jp,Male,238.206.218.22
1765,Errick,Trewin,etrewinl8@godaddy.com,Male,166.197.11.75
1766,Hamid,Matyja,hmatyjal9@disqus.com,Male,154.234.211.251
1767,Farrand,Courtenay,fcourtenayla@etsy.com,Female,245.36.170.113
1768,Alessandro,Monelle,amonellelb@accuweather.com,Male,216.124.203.154
1769,Nestor,Searchwell,nsearchwelllc@latimes.com,Male,127.82.128.176
1770,Ira,Slegg,isleggld@go.com,Male,136.87.79.137
1771,Delmar,Coughlan,dcoughlanle@netlog.com,Male,214.116.140.191
1772,Milt,Rolstone,mrolstonelf@salon.com,Male,143.160.94.217
1773,Vickie,Eickhoff,veickhofflg@comsenz.com,Female,123.242.26.100
1774,Kassandra,Fincham,kfinchamlh@nationalgeographic.com,Female,30.89.180.106
1775,Vyky,Andreone,vandreoneli@technorati.com,Female,198.140.229.178
1776,Orazio,Brough,obroughlj@unicef.org,Male,66.49.251.175
1777,Ezekiel,Kohn,ekohnlk@jiathis.com,Male,84.147.99.27
1778,Astra,Bagg,abaggll@addtoany.com,Female,215.82.156.96
1779,Randy,Gatrell,rgatrelllm@amazon.de,Female,108.193.70.32
1780,Christie,Tetsall,ctetsallln@ebay.com,Male,109.93.172.51
1781,Forbes,Monteith,fmonteithlo@tamu.edu,Male,24.68.112.150
1782,Clari,Spurnier,cspurnierlp@google.nl,Female,176.159.12.25
1783,Ulrika,Milligan,umilliganlq@chicagotribune.com,Female,240.195.12.145
1784,Kai,Housin,khousinlr@sfgate.com,Female,36.1.144.77
1785,Aldrich,Durham,adurhamls@sciencedaily.com,Male,101.122.70.206
1786,Emmy,Ethelstone,eethelstonelt@webs.com,Male,131.44.56.53
1787,Mufinella,Cissen,mcissenlu@earthlink.net,Female,143.145.23.97
1788,Iggie,Fetterplace,ifetterplacelv@accuweather.com,Male,0.107.198.14
1789,Win,Renvoise,wrenvoiselw@addtoany.com,Male,73.79.190.150
1790,Teodor,Marples,tmarpleslx@wiley.com,Agender,194.48.88.0
1791,Leann,Swayland,lswaylandly@java.com,Female,203.39.166.161
1792,Raimund,Turbayne,rturbaynelz@cbc.ca,Male,117.24.106.213
1793,Bartholomeo,Kirkland,bkirklandm0@bigcartel.com,Male,168.140.32.13
1794,Nefen,Laite,nlaitem1@people.com.cn,Male,182.87.242.161
1795,Anthe,Earl,aearlm2@noaa.gov,Female,32.146.91.131
1796,Penny,McLugaish,pmclugaishm3@qq.com,Male,118.20.124.157
1797,Mikey,Hilhouse,mhilhousem4@lycos.com,Male,34.125.63.205
1798,Fritz,Dennerly,fdennerlym5@dmoz.org,Genderqueer,188.48.211.189
1799,Opalina,Sahlstrom,osahlstromm6@usda.gov,Female,226.153.161.82
1800,Westleigh,Bumby,wbumbym7@gravatar.com,Male,47.60.78.243
1801,Heddie,Shavel,hshavelm8@forbes.com,Genderfluid,213.7.89.84
1802,Dorelle,Murie,dmuriem9@last.fm,Female,203.17.3.103
1803,Georgeta,Fountaine,gfountainema@stumbleupon.com,Female,170.91.253.114
1804,Ganny,Ferrers,gferrersmb@clickbank.net,Male,76.134.17.77
1805,Arabelle,McCombe,amccombemc@yellowbook.com,Female,199.138.141.74
1806,Dacey,Dyble,ddyblemd@wikispaces.com,Genderfluid,148.144.235.201
1807,Weylin,Maddrah,wmaddrahme@cnbc.com,Male,78.68.231.63
1808,Tallou,Bowlesworth,tbowlesworthmf@vimeo.com,Female,191.250.89.92
1809,Yehudit,Jori,yjorimg@sohu.com,Male,164.4.63.50
1810,Selma,Springle,sspringlemh@sphinn.com,Female,79.27.51.160
1811,Odille,Gillani,ogillanimi@princeton.edu,Female,237.65.189.186
1812,Winnifred,Luckett,wluckettmj@msn.com,Agender,182.164.71.91
1813,Berkeley,Fotitt,bfotittmk@scribd.com,Male,39.160.33.181
1814,Melanie,Matura,mmaturaml@scientificamerican.com,Female,2.104.77.144
1815,Abbot,Habershon,ahabershonmm@behance.net,Male,204.54.114.240
1816,Jacquie,Mabley,jmableymn@photobucket.com,Female,99.58.230.254
1817,Luigi,Toffolini,ltoffolinimo@umich.edu,Male,173.252.159.119
1818,Shermy,Manuaud,smanuaudmp@usgs.gov,Genderqueer,202.141.65.184
1819,Ranice,Greenfield,rgreenfieldmq@wisc.edu,Female,184.190.40.240
1820,Gusti,Lewsley,glewsleymr@nature.com,Female,44.46.21.35
1821,Roderic,Lighten,rlightenms@springer.com,Male,41.226.224.105
1822,Gino,Jewster,gjewstermt@upenn.edu,Male,54.161.67.162
1823,Roscoe,Chuck,rchuckmu@cbc.ca,Male,122.69.159.88
1824,Joline,Sharnock,jsharnockmv@sogou.com,Female,42.16.130.156
1825,Rich,Robertacci,rrobertaccimw@yelp.com,Male,195.55.41.174
1826,Kassie,Howis,khowismx@twitpic.com,Bigender,235.72.198.239
1827,Lenci,Pleass,lpleassmy@flavors.me,Male,225.9.18.248
1828,Dallas,Spirritt,dspirrittmz@livejournal.com,Female,246.150.36.96
1829,Lowrance,O'Scollee,loscolleen0@amazon.de,Male,147.140.109.196
1830,Kelsi,Slimme,kslimmen1@alibaba.com,Bigender,84.18.135.116
1831,Shelton,Farncomb,sfarncombn2@engadget.com,Male,18.56.50.218
1832,Rodina,Conkey,rconkeyn3@wikipedia.org,Non-binary,245.226.150.231
1833,Gaye,Poure,gpouren4@shop-pro.jp,Female,28.186.248.191
1834,Malcolm,Poag,mpoagn5@amazon.com,Male,119.141.98.49
1835,Benito,Dudeney,bdudeneyn6@walmart.com,Male,106.246.44.244
1836,Elianore,Terbrugge,eterbruggen7@tmall.com,Female,188.126.191.249
1837,Laney,Mallall,lmallalln8@issuu.com,Male,221.210.30.242
1838,Chantal,Lynn,clynnn9@auda.org.au,Female,251.142.106.135
1839,Ernst,Rickman,erickmanna@weather.com,Male,88.160.3.146
1840,Haskell,Ineson,hinesonnb@phoca.cz,Male,138.96.165.203
1841,Tremaine,Mugg,tmuggnc@issuu.com,Male,73.252.164.162
1842,Kenneth,Peacock,kpeacocknd@businessweek.com,Male,14.2.38.15
1843,Erich,Arbuckle,earbucklene@google.co.uk,Genderfluid,119.233.243.206
1844,Haily,Arundel,harundelnf@shop-pro.jp,Male,12.176.104.1
1845,Jordain,Riccio,jricciong@time.com,Female,227.196.221.226
1846,Willow,Fairman,wfairmannh@123-reg.co.uk,Female,135.192.169.246
1847,Alvy,Doutch,adoutchni@vk.com,Male,252.76.220.182
1848,Jared,Bolderson,jboldersonnj@soundcloud.com,Male,3.152.47.198
1849,Patrizius,Bestall,pbestallnk@si.edu,Male,7.182.23.160
1850,Jorge,Challicombe,jchallicombenl@japanpost.jp,Male,44.64.72.67
1851,Fraser,Piggin,fpigginnm@amazon.com,Male,52.161.28.212
1852,Cinderella,Grenfell,cgrenfellnn@livejournal.com,Female,226.60.183.190
1853,Gerhardine,Woodroof,gwoodroofno@ezinearticles.com,Agender,110.48.115.205
1854,Kele,Ren,krennp@desdev.cn,Male,15.19.123.66
1855,Maddalena,Battram,mbattramnq@ustream.tv,Female,92.142.3.183
1856,Demetris,Yegorkov,dyegorkovnr@desdev.cn,Male,32.209.25.160
1857,Shawnee,Parlett,sparlettns@whitehouse.gov,Bigender,194.40.199.167
1858,Kevon,Klazenga,kklazengant@nymag.com,Male,66.149.10.172
1859,Marietta,Durgan,mdurgannu@a8.net,Male,200.186.18.52
1860,Cass,Chree,cchreenv@oracle.com,Male,185.195.171.108
1861,Neall,Shardlow,nshardlownw@unc.edu,Male,94.169.27.141
1862,Elwood,Simmans,esimmansnx@narod.ru,Male,6.105.212.114
1863,Jon,Rolf,jrolfny@nationalgeographic.com,Male,60.17.2.10
1864,Tricia,Bennitt,tbennittnz@cbc.ca,Female,223.184.75.57
1865,Georas,Spearing,gspearingo0@istockphoto.com,Male,198.9.253.106
1866,Heddie,Doers,hdoerso1@gizmodo.com,Female,175.245.135.172
1867,Kincaid,Franscioni,kfranscionio2@reference.com,Male,99.112.132.131
1868,Hobart,Pietruszka,hpietruszkao3@dailymail.co.uk,Male,14.171.209.234
1869,Sharla,Veale,svealeo4@europa.eu,Female,146.91.10.137
1870,Town,Spong,tspongo5@ftc.gov,Male,71.146.153.44
1871,Lawrence,Streets,lstreetso6@360.cn,Male,65.73.114.251
1872,Moe,Boyford,mboyfordo7@comcast.net,Genderqueer,207.15.27.155
1873,Caryl,Gavan,cgavano8@constantcontact.com,Male,214.197.39.171
1874,Cece,Jarville,cjarvilleo9@marketwatch.com,Male,1.210.177.14
1875,Penni,Wetwood,pwetwoodoa@comsenz.com,Female,78.176.121.230
1876,Ingar,Buckberry,ibuckberryob@nydailynews.com,Male,199.6.69.46
1877,Olav,Hayers,ohayersoc@networkadvertising.org,Male,248.30.141.128
1878,Ricca,Borkett,rborkettod@cbsnews.com,Female,32.110.151.199
1879,Leilah,Jorissen,ljorissenoe@acquirethisname.com,Female,65.211.214.142
1880,Rita,Pregal,rpregalof@blogs.com,Female,22.124.24.223
1881,Olwen,Potkins,opotkinsog@jiathis.com,Non-binary,219.85.17.56
1882,Grove,Casazza,gcasazzaoh@un.org,Male,34.24.173.53
1883,Anna,Gillions,agillionsoi@walmart.com,Female,235.111.65.121
1884,Cobbie,Hurkett,churkettoj@narod.ru,Male,166.138.158.244
1885,Hillyer,Behning,hbehningok@europa.eu,Male,35.70.177.211
1886,Kristos,Parchment,kparchmentol@weather.com,Male,136.74.79.38
1887,Nerita,Grosier,ngrosierom@printfriendly.com,Female,172.234.180.50
1888,Arlyn,Beszant,abeszanton@craigslist.org,Female,247.208.176.76
1889,Rory,Terbrug,rterbrugoo@360.cn,Female,89.228.153.35
1890,Olin,Monnelly,omonnellyop@g.co,Male,113.229.1.39
1891,Goldi,Malyan,gmalyanoq@hexun.com,Female,21.190.161.235
1892,Esma,Belward,ebelwardor@chron.com,Female,24.58.167.136
1893,Melita,Duling,mdulingos@tiny.cc,Agender,120.189.28.162
1894,Hortense,Felipe,hfelipeot@pbs.org,Female,183.7.235.224
1895,Tobit,Newrick,tnewrickou@gmpg.org,Male,39.200.191.222
1896,Chery,Skep,cskepov@archive.org,Female,57.92.223.66
1897,Marsha,Farncomb,mfarncombow@examiner.com,Female,172.45.106.92
1898,Dew,Tombling,dtomblingox@yelp.com,Male,235.36.247.72
1899,Tracy,Yedall,tyedalloy@a8.net,Polygender,83.17.145.101
1900,Niels,Dryburgh,ndryburghoz@businessweek.com,Bigender,100.0.116.168
1901,Stephen,Ellingham,sellinghamp0@utexas.edu,Male,172.118.189.69
1902,Barbara,Scurrell,bscurrellp1@qq.com,Genderqueer,93.7.128.211
1903,Gearard,Angood,gangoodp2@shinystat.com,Male,237.58.59.169
1904,Pegeen,Kensley,pkensleyp3@elegantthemes.com,Female,61.106.202.216
1905,Stavro,Toynbee,stoynbeep4@cafepress.com,Male,7.130.104.141
1906,Cyndia,Pain,cpainp5@miibeian.gov.cn,Female,139.77.81.89
1907,Tanny,Hedan,thedanp6@drupal.org,Male,216.9.255.226
1908,Desmond,Pawelski,dpawelskip7@earthlink.net,Bigender,120.141.229.115
1909,Jacenta,Cobbin,jcobbinp8@oaic.gov.au,Female,156.12.140.102
1910,Brena,Rupel,brupelp9@hud.gov,Female,123.188.31.190
1911,Jourdain,Mousdall,jmousdallpa@smugmug.com,Male,163.154.59.158
1912,Penn,Benitez,pbenitezpb@smugmug.com,Male,99.221.252.158
1913,Lorne,Gartin,lgartinpc@cdbaby.com,Male,220.61.150.72
1914,Bronnie,Allsopp,ballsopppd@instagram.com,Male,146.254.39.209
1915,Alane,Narramore,anarramorepe@nhs.uk,Female,11.45.235.78
1916,Willi,Shutle,wshutlepf@artisteer.com,Male,162.193.166.98
1917,Sile,Hillam,shillampg@unblog.fr,Female,159.49.217.150
1918,Orelie,Garret,ogarretph@myspace.com,Female,177.236.54.36
1919,Den,Ness,dnesspi@reference.com,Male,84.32.189.157
1920,Buddie,Ebbetts,bebbettspj@t.co,Male,166.87.250.11
1921,Cassie,Adran,cadranpk@guardian.co.uk,Male,104.238.61.48
1922,Emilee,Prozillo,eprozillopl@samsung.com,Female,74.10.153.0
1923,Myrilla,Cluatt,mcluattpm@japanpost.jp,Female,49.250.129.172
1924,Allison,Essberger,aessbergerpn@diigo.com,Female,220.164.124.225
1925,Nelle,Chaman,nchamanpo@mail.ru,Female,94.213.158.212
1926,Devora,Rizzini,drizzinipp@twitpic.com,Female,28.146.221.231
1927,Averil,Marklund,amarklundpq@blogtalkradio.com,Male,40.236.37.248
1928,Loree,Truse,ltrusepr@squarespace.com,Female,73.145.177.52
1929,Antonius,GiacobbiniJacob,agiacobbinijacobps@apple.com,Male,169.15.112.34
1930,Milka,Abramcik,mabramcikpt@cbc.ca,Female,42.31.29.235
1931,Garret,Aherne,gahernepu@xing.com,Male,156.65.107.76
1932,Mandi,Gaggen,mgaggenpv@epa.gov,Female,192.152.222.23
1933,Shela,Piechnik,spiechnikpw@mapquest.com,Female,209.169.121.32
1934,Cora,Adamoli,cadamolipx@wired.com,Female,1.102.246.121
1935,Nikolai,Issatt,nissattpy@narod.ru,Male,81.93.76.70
1936,Jeanie,Gorling,jgorlingpz@com.com,Female,162.14.73.124
1937,Jeri,Zaniolini,jzanioliniq0@wikipedia.org,Female,190.80.237.61
1938,Asia,Roglieri,aroglieriq1@t.co,Female,255.231.62.244
1939,Henry,Legat,hlegatq2@tripod.com,Male,28.24.117.107
1940,Maris,Dukelow,mdukelowq3@omniture.com,Female,187.148.174.178
1941,Jud,Matiewe,jmatieweq4@cornell.edu,Male,179.134.245.15
1942,Poul,Yglesia,pyglesiaq5@netvibes.com,Male,192.31.189.144
1943,Allyson,Ellicock,aellicockq6@nsw.gov.au,Female,17.243.222.46
1944,Ardelle,Colebourn,acolebournq7@tamu.edu,Female,88.35.214.132
1945,Oona,Berggren,oberggrenq8@imgur.com,Female,165.101.139.236
1946,Mychal,Blabber,mblabberq9@scientificamerican.com,Male,160.27.111.67
1947,Chrissie,Rew,crewqa@facebook.com,Female,169.195.107.172
1948,Otis,Goldberg,ogoldbergqb@yellowbook.com,Male,70.216.213.243
1949,Ritchie,Vowells,rvowellsqc@naver.com,Male,122.229.188.132
1950,Adel,Ramelot,aramelotqd@aboutads.info,Female,209.10.146.245
1951,Rayna,Preskett,rpreskettqe@alibaba.com,Female,7.157.108.122
1952,Dolph,Macewan,dmacewanqf@wordpress.com,Agender,117.105.247.32
1953,Phillida,Basterfield,pbasterfieldqg@mac.com,Female,172.91.29.153
1954,Jemie,Adds,jaddsqh@surveymonkey.com,Female,186.249.16.27
1955,Lorne,Caldeyroux,lcaldeyrouxqi@canalblog.com,Female,39.205.46.191
1956,Blair,Jeens,bjeensqj@nasa.gov,Female,217.144.91.107
1957,Arie,Weich,aweichqk@godaddy.com,Male,155.233.110.158
1958,Berke,Phizackarley,bphizackarleyql@ibm.com,Male,170.29.202.233
1959,Marguerite,Klement,mklementqm@aboutads.info,Female,28.219.149.33
1960,Sascha,O'Hagerty,sohagertyqn@businessinsider.com,Female,194.58.168.183
1961,Raina,Aronov,raronovqo@netscape.com,Female,79.13.29.206
1962,Tobiah,Whitwham,twhitwhamqp@etsy.com,Male,143.170.138.111
1963,Corine,Dainter,cdainterqq@hexun.com,Female,22.224.243.41
1964,Katina,Joncic,kjoncicqr@hugedomains.com,Female,234.90.251.171
1965,Adolf,Beringer,aberingerqs@storify.com,Male,33.100.2.214
1966,Meggie,Kubach,mkubachqt@google.ru,Polygender,198.120.187.38
1967,Letitia,Nicely,lnicelyqu@theglobeandmail.com,Female,136.121.104.82
1968,Freemon,Athelstan,fathelstanqv@arstechnica.com,Male,134.55.127.215
1969,Elwyn,Breche,ebrecheqw@home.pl,Male,251.111.120.78
1970,Tiphany,Pavek,tpavekqx@soup.io,Female,175.108.17.221
1971,Nickola,MacFaell,nmacfaellqy@prweb.com,Male,57.177.239.215
1972,Meara,Arboine,marboineqz@csmonitor.com,Female,126.188.29.248
1973,Anette,Till,atillr0@mapquest.com,Female,242.225.155.158
1974,Ewan,Sikorski,esikorskir1@si.edu,Male,90.108.219.92
1975,Kara,Dureden,kduredenr2@utexas.edu,Female,144.238.151.63
1976,Raye,Harrisson,rharrissonr3@harvard.edu,Female,164.78.98.181
1977,Giorgi,Brownsworth,gbrownsworthr4@state.tx.us,Male,192.28.78.172
1978,Lorrin,McGinly,lmcginlyr5@edublogs.org,Female,212.125.166.41
1979,Fabe,MacCaughen,fmaccaughenr6@creativecommons.org,Male,8.184.162.162
1980,Stefa,Jacqueminot,sjacqueminotr7@goo.gl,Female,73.27.147.219
1981,Rebecca,Larratt,rlarrattr8@miibeian.gov.cn,Female,203.7.187.114
1982,Monte,Bigadike,mbigadiker9@tuttocitta.it,Non-binary,87.60.172.228
1983,Erie,Jeram,ejeramra@answers.com,Male,107.136.244.56
1984,Almeta,Backson,abacksonrb@aol.com,Polygender,12.205.121.36
1985,Yolanda,Bahike,ybahikerc@cnet.com,Female,57.70.103.243
1986,Patten,Tether,ptetherrd@google.nl,Male,218.48.167.90
1987,Beale,McPartlin,bmcpartlinre@gov.uk,Male,199.158.165.31
1988,Sibby,Yvens,syvensrf@chron.com,Female,247.73.6.215
1989,Dorrie,Mulhall,dmulhallrg@odnoklassniki.ru,Female,139.93.120.60
1990,Beatrice,Cavnor,bcavnorrh@ask.com,Female,218.103.163.131
1991,Tim,Cottee,tcotteeri@dailymail.co.uk,Male,102.7.131.21
1992,Ashla,Farnes,afarnesrj@twitter.com,Female,12.202.201.119
1993,Karoly,Warcop,kwarcoprk@free.fr,Female,161.80.27.255
1994,Chicky,Flecknell,cflecknellrl@php.net,Female,56.14.100.183
1995,Sidonia,Mellows,smellowsrm@naver.com,Female,132.67.45.78
1996,Neal,Scripps,nscrippsrn@wired.com,Male,143.17.86.245
1997,Kameko,Toffanelli,ktoffanelliro@booking.com,Polygender,60.252.133.220
1998,Anne,Britten,abrittenrp@economist.com,Genderfluid,104.193.194.181
1999,Audrey,Kamenar,akamenarrq@cargocollective.com,Female,171.60.243.238
2000,Dag,Sambrook,dsambrookrr@patch.com,Male,202.17.170.178
