1,Toplin, Maegan,mtoplin0@cnbc.com,93.219.191.40
3,Roake, Erna,eroake2@live.com,27.146.26.129
11,Sleford, Amalee,asleforda@google.com.au,49.70.230.90
21,Chattington, Juliana,jchattingtonk@nasa.gov,55.36.24.194
23,McInility, Libbey,lmcinilitym@globo.com,67.50.79.16
25,Fritche, Nevsa,nfritcheo@diigo.com,86.229.143.248
27,Ullett, Marjory,mullettq@tinyurl.com,205.141.141.191
29,Littlekit, Margarita,mlittlekits@fema.gov,73.19.251.207
33,Dartnell, Lucky,ldartnellw@furl.net,161.37.206.185
35,Grcic, Liz,lgrcicy@merriam-webster.com,61.255.152.146
39,Halston, Elinor,ehalston12@auda.org.au,108.32.45.12
43,Nathon, Becky,bnathon16@networkadvertising.org,255.80.169.20
45,Tassell, Arline,atassell18@pcworld.com,218.216.126.105
53,Surgeoner, Tiffy,tsurgeoner1g@irs.gov,132.42.41.29
55,Pinckard, Suzann,spinckard1i@netlog.com,184.42.142.221
59,Fancet, Vyky,vfancet1m@ycombinator.com,203.186.0.46
61,Kitcherside, Mattie,mkitcherside1o@facebook.com,134.133.238.31
63,Collick, Martelle,mcollick1q@yolasite.com,66.32.49.234
65,Caen, Dulcine,dcaen1s@uol.com.br,243.183.111.170
67,Libri, Tallulah,tlibri1u@umich.edu,168.218.219.172
71,Wake, Maren,mwake1y@ox.ac.uk,213.148.52.22
73,McGivena, Tine,tmcgivena20@tamu.edu,82.170.74.57
77,Sleight, Bonni,bsleight24@symantec.com,113.207.7.42
79,Barus, Georas,gbarus26@purevolume.com,130.192.12.234
83,Cooksley, Kirbie,kcooksley2a@ft.com,42.149.2.132
85,Durker, Nichol,ndurker2c@gizmodo.com,242.43.73.249
89,Mansell, Dominga,dmansell2g@nhs.uk,61.174.147.204
91,Hillock, Sosanna,shillock2i@liveinternet.ru,11.179.102.188
93,Matyushenko, Kylynn,kmatyushenko2k@vimeo.com,249.57.164.27
97,Hunte, Janenna,jhunte2o@tuttocitta.it,210.162.166.38
