id,first_name,last_name,email,gender,ip_address
1,Maegan,Toplin,mtoplin0@cnbc.com,Female,93.219.191.40
2,Benoite,Crawshay,bcrawshay1@simplemachines.org,Female,84.247.66.225
3,Erna,Roake,eroake2@live.com,Female,27.146.26.129
4,Shelba,Ayling,sayling3@tmall.com,Female,103.226.157.70
5,Rollie,Edelheid,redelheid4@cocolog-nifty.com,Male,118.104.30.79
6,Brnaby,Huttley,bhuttley5@economist.com,Male,155.10.116.88
7,Bartholemy,Poulson,bpoulson6@delicious.com,Male,36.169.213.60
8,Beniamino,Lebarree,blebarree7@studiopress.com,Male,245.184.252.191
9,Llywellyn,Spottswood,lspottswood8@blog.com,Male,120.57.47.102
10,Manon,Reschke,mreschke9@macromedia.com,Female,110.250.63.173
11,Amalee,Sleford,asleforda@google.com.au,Female,49.70.230.90
12,Yulma,Ayscough,yayscoughb@patch.com,Male,86.228.240.235
13,Hewitt,Kahler,hkahlerc@devhub.com,Male,249.183.143.183
14,Doralin,McGarvey,dmcgarveyd@google.it,Female,96.197.180.111
15,Armstrong,Rolfe,arolfee@rakuten.co.jp,Male,198.102.6.239
16,Chrissy,Sanderson,csandersonf@miitbeian.gov.cn,Male,156.238.190.46
17,Richy,Gaudin,rgauding@studiopress.com,Male,217.120.63.102
18,Raimondo,Pennings,rpenningsh@4shared.com,Male,250.148.192.167
19,Gar,Shortcliffe,gshortcliffei@google.cn,Male,82.251.187.89
20,Ragnar,Drage,rdragej@cbslocal.com,Male,133.106.107.129
21,Juliana,Chattington,jchattingtonk@nasa.gov,Female,55.36.24.194
22,Meta,Clitsome,mclitsomel@sakura.ne.jp,Female,91.217.5.56
23,Libbey,McInility,lmcinilitym@globo.com,Female,67.50.79.16
24,Susi,Arnaudet,sarnaudetn@bizjournals.com,Female,17.155.50.125
25,Nevsa,Fritche,nfritcheo@diigo.com,Genderqueer,86.229.143.248
26,Basilius,Duer,bduerp@163.com,Male,119.224.220.34
27,Marjory,Ullett,mullettq@tinyurl.com,Female,205.141.141.191
28,Leanor,Grinstead,lgrinsteadr@is.gd,Female,51.78.54.50
29,Margarita,Littlekit,mlittlekits@fema.gov,Agender,73.19.251.207
30,Carlye,Breffitt,cbreffittt@51.la,Female,66.172.166.28
31,Tanney,Igglesden,tigglesdenu@google.co.jp,Male,61.1.54.194
32,Rubia,Sweeny,rsweenyv@youtube.com,Female,235.99.221.221
33,Lucky,Dartnell,ldartnellw@furl.net,Female,161.37.206.185
34,Tatiana,Deniscke,tdenisckex@rediff.com,Female,85.120.44.230
35,Liz,Grcic,lgrcicy@merriam-webster.com,Female,61.255.152.146
36,Natassia,Finci,nfinciz@usatoday.com,Female,56.49.78.162
37,Feliks,Kolis,fkolis10@delicious.com,Male,129.134.247.3
38,Elinor,Myerscough,emyerscough11@dion.ne.jp,Female,76.11.16.173
39,Elinor,Halston,ehalston12@auda.org.au,Female,108.32.45.12
40,Catrina,Epton,cepton13@engadget.com,Female,51.78.6.12
41,Wiatt,Pendlington,wpendlington14@bbc.co.uk,Male,68.181.99.5
42,Grannie,Merring,gmerring15@acquirethisname.com,Male,205.244.169.106
43,Becky,Nathon,bnathon16@networkadvertising.org,Female,255.80.169.20
44,Saul,O'Duane,soduane17@zimbio.com,Male,27.114.153.182
45,Arline,Tassell,atassell18@pcworld.com,Female,218.216.126.105
46,Marysa,Klezmski,mklezmski19@java.com,Agender,110.159.15.115
47,Shem,Longworthy,slongworthy1a@cafepress.com,Male,79.203.50.140
48,Ivette,Tremlett,itremlett1b@shutterfly.com,Female,255.86.15.235
49,Sebastiano,Harkness,sharkness1c@tumblr.com,Male,102.150.131.43
50,Pepi,Hamper,phamper1d@a8.net,Female,215.8.203.123
51,Gifford,Bogue,gbogue1e@shutterfly.com,Male,172.234.223.79
52,Buddy,Phelips,bphelips1f@cdc.gov,Male,13.38.242.55
53,Tiffy,Surgeoner,tsurgeoner1g@irs.gov,Female,132.42.41.29
54,Allys,Ryley,aryley1h@dailymotion.com,Female,43.164.100.23
55,Suzann,Pinckard,spinckard1i@netlog.com,Polygender,184.42.142.221
56,Orbadiah,Mixworthy,omixworthy1j@wikispaces.com,Male,23.135.75.254
57,Martie,Farmery,mfarmery1k@yahoo.com,Male,17.9.49.54
58,Barry,Brea,bbrea1l@ucla.edu,Male,146.35.56.249
59,Vyky,Fancet,vfancet1m@ycombinator.com,Female,203.186.0.46
60,Beaufort,Kinsett,bkinsett1n@gmpg.org,Male,164.140.120.220
61,Mattie,Kitcherside,mkitcherside1o@facebook.com,Female,134.133.238.31
62,Moritz,Nan Carrow,mnancarrow1p@gravatar.com,Male,78.179.153.98
63,Martelle,Collick,mcollick1q@yolasite.com,Female,66.32.49.234
64,Etan,Wimes,ewimes1r@nba.com,Male,14.209.94.50
65,Dulcine,Caen,dcaen1s@uol.com.br,Female,243.183.111.170
66,Kristopher,Holliar,kholliar1t@redcross.org,Male,19.6.226.87
67,Tallulah,Libri,tlibri1u@umich.edu,Female,168.218.219.172
68,Maximilien,Pursglove,mpursglove1v@addtoany.com,Male,80.236.62.0
69,Carolus,Poleye,cpoleye1w@state.tx.us,Male,150.252.189.106
70,Brittney,Mitham,bmitham1x@patch.com,Female,67.41.200.121
71,Maren,Wake,mwake1y@ox.ac.uk,Female,213.148.52.22
72,Sullivan,Holyard,sholyard1z@ox.ac.uk,Male,137.207.206.104
73,Tine,McGivena,tmcgivena20@tamu.edu,Female,82.170.74.57
74,Debera,Leban,dleban21@cornell.edu,Female,158.0.117.146
75,Herman,Berry,hberry22@google.com.br,Male,90.6.233.122
76,Iver,Bricknall,ibricknall23@chicagotribune.com,Male,27.0.169.227
77,Bonni,Sleight,bsleight24@symantec.com,Female,113.207.7.42
78,Kora,Schneidar,kschneidar25@sitemeter.com,Female,12.37.239.38
79,Georas,Barus,gbarus26@purevolume.com,Agender,130.192.12.234
80,Granthem,Thon,gthon27@google.es,Male,239.12.140.78
81,Fitzgerald,Peffer,fpeffer28@reuters.com,Male,24.219.160.129
82,Gwenora,Ferebee,gferebee29@moonfruit.com,Female,18.217.223.175
83,Kirbie,Cooksley,kcooksley2a@ft.com,Female,42.149.2.132
84,Veriee,Symon,vsymon2b@google.de,Female,73.189.207.164
85,Nichol,Durker,ndurker2c@gizmodo.com,Female,242.43.73.249
86,Raimondo,Wakely,rwakely2d@woothemes.com,Male,168.51.90.209
87,Drew,Musto,dmusto2e@baidu.com,Male,2.77.26.214
88,Adams,D'Oyley,adoyley2f@myspace.com,Agender,233.161.144.154
89,Dominga,Mansell,dmansell2g@nhs.uk,Female,61.174.147.204
90,Siffre,Fleis,sfleis2h@thetimes.co.uk,Male,176.116.220.183
91,Sosanna,Hillock,shillock2i@liveinternet.ru,Female,11.179.102.188
92,Marcie,Rollason,mrollason2j@purevolume.com,Bigender,232.53.151.25
93,Kylynn,Matyushenko,kmatyushenko2k@vimeo.com,Female,249.57.164.27
94,Paolina,Westraw,pwestraw2l@baidu.com,Female,193.251.145.38
95,Branden,Morfield,bmorfield2m@washingtonpost.com,Male,146.98.52.183
96,Melisandra,Bettleson,mbettleson2n@etsy.com,Female,65.152.232.86
97,Janenna,Hunte,jhunte2o@tuttocitta.it,Female,210.162.166.38
98,Pasquale,Stower,pstower2p@moonfruit.com,Male,126.81.119.252
99,Olenolin,Silburn,osilburn2q@dagondesign.com,Male,142.62.115.81
100,Kenny,Feavyour,kfeavyour2r@nps.gov,Male,106.63.2.100
